Date,LTP,Change,High,Low,Open,Quantity,Turnover
2024-04-22,226.00,-0.88,232.00,224.10,231.40,"16,992","3,861,953.60"
2024-04-24,223.30,-1.19,230.50,223.00,230.50,"14,463","3,250,767.70"
2024-04-25,223.00,-0.13,227.70,223.00,223.00,"12,315","2,756,785.50"
2024-04-28,225.00,0.9,227.50,222.10,224.00,"13,011","2,927,487.00"
2024-04-29,224.30,-0.31,228.00,220.10,228.00,"25,660","5,746,708.30"
2024-04-30,229.00,2.1,236.00,220.00,220.00,"48,221","10,922,255.10"
2024-05-02,225.00,-1.75,233.50,222.30,233.50,"25,548","5,784,911.90"
2024-05-05,221.90,-1.38,229.00,218.70,229.00,"25,190","5,572,562.30"
2024-05-06,219.50,-1.08,226.00,217.60,226.00,"13,097","2,874,122.90"
2024-05-07,218.00,-0.68,223.80,217.60,223.80,"15,384","3,381,259.80"
2024-05-08,216.50,-0.69,221.00,215.00,221.00,"10,860","2,343,421.10"
2024-05-09,216.00,-0.23,220.00,214.20,220.00,"21,886","4,729,231.60"
2024-05-12,215.00,-0.46,220.00,212.60,219.00,"19,959","4,293,698.10"
2024-05-13,220.70,2.65,223.60,214.70,219.00,"13,982","3,036,226.00"
2024-05-14,228.70,3.62,230.00,220.00,222.00,"35,895","8,088,093.10"
2024-05-15,220.10,-3.76,233.00,218.00,233.00,"30,770","6,896,618.30"
2024-05-16,219.20,-0.41,224.50,217.20,223.00,"17,536","3,847,232.90"
2024-05-19,220.30,0.5,226.00,219.00,223.00,"29,382","6,526,492.00"
2024-05-20,224.00,1.68,230.90,223.20,224.00,"30,669","6,962,601.30"
2024-05-21,241.00,7.59,241.00,219.60,219.60,"63,474","14,761,168.40"
2024-05-22,232.50,-3.53,241.00,232.00,236.20,"35,591","8,382,521.60"
2024-05-26,228.00,-1.94,235.70,225.30,232.00,"10,344","2,368,660.30"
2024-05-27,230.90,1.27,232.00,228.00,228.20,"17,530","4,030,033.00"
2024-05-29,229.30,-0.69,235.50,223.20,235.00,"31,965","7,317,929.90"
2024-05-30,223.90,-2.35,235.50,222.50,227.00,"22,606","5,144,370.40"
2024-06-02,228.00,1.83,228.40,223.50,225.00,"18,758","4,236,968.80"
2024-06-03,225.00,-1.32,232.70,224.00,232.00,"26,708","6,041,681.90"
2024-06-04,224.00,-0.44,229.50,224.00,229.00,"13,529","3,044,829.30"
2024-06-05,221.80,-0.98,227.00,219.60,227.00,"33,048","7,311,852.90"
2024-06-06,219.00,-1.26,224.00,218.20,222.00,"19,242","4,228,208.10"
2024-06-09,222.90,1.78,223.30,219.10,223.30,"19,368","4,278,439.80"
2024-06-10,231.00,3.63,232.00,221.00,227.30,"45,861","10,503,783.10"
2024-06-11,238.00,3.03,244.00,231.10,234.00,"71,809","17,164,331.00"
2024-06-12,235.60,-1.01,242.70,235.40,242.70,"37,632","8,962,993.00"
2024-06-13,233.50,-0.89,238.90,232.50,233.10,"46,529","10,934,648.30"
2024-06-16,243.90,4.45,250.00,233.50,233.50,"167,419","40,927,751.10"
2024-06-18,240.00,-1.6,248.50,239.10,239.10,"76,757","18,716,733.10"
2024-06-19,241.00,0.42,243.90,237.00,243.90,"35,280","8,482,045.90"
2024-06-20,237.00,-1.66,245.80,237.00,245.80,"39,441","9,422,507.80"
2024-06-23,232.30,-1.98,246.00,232.30,241.70,"21,661","5,088,344.10"
2024-06-24,231.00,-0.56,236.00,229.00,236.00,"34,521","8,030,025.40"
2024-06-25,237.00,2.6,240.50,229.00,229.00,"30,379","7,164,472.80"
2024-06-26,239.00,0.84,243.00,236.00,240.00,"47,553","11,373,413.00"
2024-06-27,235.00,-1.67,238.90,231.40,235.00,"20,171","4,736,475.20"
2024-06-30,237.00,0.85,239.70,231.10,239.70,"31,157","7,323,670.20"
2024-07-01,235.40,-0.68,241.00,235.10,238.90,"30,906","7,326,698.90"
2024-07-02,240.70,2.25,249.70,237.00,240.10,"61,903","14,983,042.10"
2024-07-03,241.90,0.5,243.90,238.50,238.50,"55,714","13,412,338.80"
2024-07-04,238.20,-1.53,242.90,238.00,241.00,"33,327","8,008,690.50"
2024-07-07,240.00,0.76,241.30,237.60,241.00,"39,910","9,542,263.60"
2024-07-08,238.00,-0.83,240.00,236.00,240.00,"25,870","6,155,195.80"
2024-07-09,237.00,-0.42,240.00,236.00,238.00,"31,405","7,464,150.00"
2024-07-10,240.00,1.27,244.80,237.00,241.70,"45,754","11,013,740.10"
2024-07-11,241.00,0.42,244.80,239.00,244.00,"36,447","8,777,001.30"
2024-07-14,248.00,2.9,250.70,238.50,245.80,"70,421","17,263,020.90"
2024-07-15,250.50,1.01,256.00,245.30,250.00,"95,049","23,877,332.40"
2024-07-16,270.00,7.78,272.00,249.00,254.00,"156,950","41,439,116.20"
2024-07-17,268.00,-0.74,276.00,260.70,270.00,"132,935","35,633,409.70"
2024-07-18,264.90,-1.16,273.30,263.00,270.00,"126,176","33,815,247.70"
2024-07-21,279.50,5.51,291.30,261.00,267.00,"191,157","52,932,687.90"
2024-07-22,285.90,2.29,289.80,274.00,285.00,"226,695","63,806,414.40"
2024-07-23,299.00,4.58,300.00,289.00,291.60,"184,799","54,819,257.60"
2024-07-24,284.00,-5.02,304.90,276.70,304.90,"154,391","44,674,110.70"
2024-07-25,280.00,-1.41,286.00,276.00,285.00,"110,893","31,233,236.10"
2024-07-28,285.00,1.79,300.90,272.50,285.60,"104,993","29,523,697.70"
2024-07-29,292.00,2.46,304.00,281.00,290.00,"226,091","66,680,929.80"
2024-07-30,302.90,3.73,306.00,290.00,292.00,"181,841","54,425,718.00"
2024-07-31,309.80,2.28,315.00,304.00,308.90,"165,772","51,512,368.80"
2024-08-01,296.00,-4.45,315.90,295.80,315.90,"143,586","43,560,741.60"
2024-08-05,303.00,2.36,313.10,290.10,296.00,"137,844","41,528,828.30"
2024-08-06,287.00,-5.28,313.10,286.20,302.00,"174,279","52,151,674.70"
2024-08-07,304.90,6.24,305.00,284.00,285.00,"120,091","35,366,013.30"
2024-08-08,298.00,-2.26,310.00,294.00,310.00,"125,011","37,762,736.00"
2024-08-11,320.00,7.38,321.00,303.90,303.90,"256,941","80,726,183.70"
2024-08-12,326.00,1.88,332.50,322.00,325.00,"182,855","59,808,033.40"
2024-08-13,318.00,-2.45,332.00,315.00,332.00,"148,479","47,474,996.10"
2024-08-14,322.90,1.54,324.30,308.00,316.00,"151,909","48,073,596.70"
2024-08-15,332.50,2.97,346.00,323.00,329.00,"240,043","81,163,358.20"
2024-08-18,318.00,-4.36,340.00,315.00,339.10,"171,389","55,849,471.40"
2024-08-21,313.50,-1.42,325.00,313.00,324.30,"127,431","40,286,331.70"
2024-08-22,318.00,1.44,322.00,307.30,307.30,"116,625","36,947,201.00"
2024-08-25,305.00,-4.09,324.10,303.00,314.00,"106,833","33,059,995.50"
2024-08-27,287.00,-5.9,305.00,285.50,300.30,"123,360","36,365,939.40"
2024-08-28,292.00,1.74,302.00,287.00,292.70,"90,844","26,774,126.20"
2024-08-29,285.00,-2.4,295.90,285.00,290.00,"73,031","21,059,416.20"
2024-09-01,280.00,-1.75,295.00,279.30,290.00,"46,635","13,288,478.00"
2024-09-02,300.00,7.14,301.70,281.00,285.60,"90,545","26,433,146.30"
2024-09-03,297.00,-1,314.00,297.00,305.00,"61,573","18,704,350.60"
2024-09-04,284.00,-4.38,302.80,280.00,301.00,"70,414","20,156,714.70"
2024-09-05,282.50,-0.53,288.00,275.00,284.00,"63,258","17,775,293.70"
2024-09-08,278.00,-1.59,288.00,277.00,283.10,"55,113","15,519,541.80"
2024-09-09,270.00,-2.88,280.00,265.00,276.20,"59,394","16,013,505.50"
2024-09-10,264.00,-2.22,275.00,264.00,270.00,"46,813","12,580,634.90"
2024-09-11,257.10,-2.61,269.20,256.10,269.20,"45,006","11,782,042.70"
2024-09-12,275.00,6.96,275.00,254.00,257.00,"44,378","11,788,045.50"
2024-09-15,270.00,-1.82,286.00,267.00,278.50,"94,698","26,417,324.70"
2024-09-16,265.00,-1.85,275.00,262.00,264.80,"36,026","9,580,896.20"
2024-09-18,259.10,-2.23,270.30,259.00,270.00,"35,565","9,379,330.50"
2024-09-22,267.80,3.36,273.00,261.20,264.20,"42,615","11,328,383.40"
2024-09-23,259.00,-3.29,268.30,259.00,267.00,"32,339","8,490,915.70"
2024-04-22,226.00,-0.88,232.00,224.10,231.40,"16,992","3,861,953.60"
2024-04-24,223.30,-1.19,230.50,223.00,230.50,"14,463","3,250,767.70"
2024-04-25,223.00,-0.13,227.70,223.00,223.00,"12,315","2,756,785.50"
2024-04-28,225.00,0.9,227.50,222.10,224.00,"13,011","2,927,487.00"
2024-04-29,224.30,-0.31,228.00,220.10,228.00,"25,660","5,746,708.30"
2024-04-30,229.00,2.1,236.00,220.00,220.00,"48,221","10,922,255.10"
2024-05-02,225.00,-1.75,233.50,222.30,233.50,"25,548","5,784,911.90"
2024-05-05,221.90,-1.38,229.00,218.70,229.00,"25,190","5,572,562.30"
2024-05-06,219.50,-1.08,226.00,217.60,226.00,"13,097","2,874,122.90"
2024-05-07,218.00,-0.68,223.80,217.60,223.80,"15,384","3,381,259.80"
2024-05-08,216.50,-0.69,221.00,215.00,221.00,"10,860","2,343,421.10"
2024-05-09,216.00,-0.23,220.00,214.20,220.00,"21,886","4,729,231.60"
2024-05-12,215.00,-0.46,220.00,212.60,219.00,"19,959","4,293,698.10"
2024-05-13,220.70,2.65,223.60,214.70,219.00,"13,982","3,036,226.00"
2024-05-14,228.70,3.62,230.00,220.00,222.00,"35,895","8,088,093.10"
2024-05-15,220.10,-3.76,233.00,218.00,233.00,"30,770","6,896,618.30"
2024-05-16,219.20,-0.41,224.50,217.20,223.00,"17,536","3,847,232.90"
2024-05-19,220.30,0.5,226.00,219.00,223.00,"29,382","6,526,492.00"
2024-05-20,224.00,1.68,230.90,223.20,224.00,"30,669","6,962,601.30"
2024-05-21,241.00,7.59,241.00,219.60,219.60,"63,474","14,761,168.40"
2024-05-22,232.50,-3.53,241.00,232.00,236.20,"35,591","8,382,521.60"
2024-05-26,228.00,-1.94,235.70,225.30,232.00,"10,344","2,368,660.30"
2024-05-27,230.90,1.27,232.00,228.00,228.20,"17,530","4,030,033.00"
2024-05-29,229.30,-0.69,235.50,223.20,235.00,"31,965","7,317,929.90"
2024-05-30,223.90,-2.35,235.50,222.50,227.00,"22,606","5,144,370.40"
2024-06-02,228.00,1.83,228.40,223.50,225.00,"18,758","4,236,968.80"
2024-06-03,225.00,-1.32,232.70,224.00,232.00,"26,708","6,041,681.90"
2024-06-04,224.00,-0.44,229.50,224.00,229.00,"13,529","3,044,829.30"
2024-06-05,221.80,-0.98,227.00,219.60,227.00,"33,048","7,311,852.90"
2024-06-06,219.00,-1.26,224.00,218.20,222.00,"19,242","4,228,208.10"
2024-06-09,222.90,1.78,223.30,219.10,223.30,"19,368","4,278,439.80"
2024-06-10,231.00,3.63,232.00,221.00,227.30,"45,861","10,503,783.10"
2024-06-11,238.00,3.03,244.00,231.10,234.00,"71,809","17,164,331.00"
2024-06-12,235.60,-1.01,242.70,235.40,242.70,"37,632","8,962,993.00"
2024-06-13,233.50,-0.89,238.90,232.50,233.10,"46,529","10,934,648.30"
2024-06-16,243.90,4.45,250.00,233.50,233.50,"167,419","40,927,751.10"
2024-06-18,240.00,-1.6,248.50,239.10,239.10,"76,757","18,716,733.10"
2024-06-19,241.00,0.42,243.90,237.00,243.90,"35,280","8,482,045.90"
2024-06-20,237.00,-1.66,245.80,237.00,245.80,"39,441","9,422,507.80"
2024-06-23,232.30,-1.98,246.00,232.30,241.70,"21,661","5,088,344.10"
2024-06-24,231.00,-0.56,236.00,229.00,236.00,"34,521","8,030,025.40"
2024-06-25,237.00,2.6,240.50,229.00,229.00,"30,379","7,164,472.80"
2024-06-26,239.00,0.84,243.00,236.00,240.00,"47,553","11,373,413.00"
2024-06-27,235.00,-1.67,238.90,231.40,235.00,"20,171","4,736,475.20"
2024-06-30,237.00,0.85,239.70,231.10,239.70,"31,157","7,323,670.20"
2024-07-01,235.40,-0.68,241.00,235.10,238.90,"30,906","7,326,698.90"
2024-07-02,240.70,2.25,249.70,237.00,240.10,"61,903","14,983,042.10"
2024-07-03,241.90,0.5,243.90,238.50,238.50,"55,714","13,412,338.80"
2024-07-04,238.20,-1.53,242.90,238.00,241.00,"33,327","8,008,690.50"
2024-07-07,240.00,0.76,241.30,237.60,241.00,"39,910","9,542,263.60"
2024-07-08,238.00,-0.83,240.00,236.00,240.00,"25,870","6,155,195.80"
2024-07-09,237.00,-0.42,240.00,236.00,238.00,"31,405","7,464,150.00"
2024-07-10,240.00,1.27,244.80,237.00,241.70,"45,754","11,013,740.10"
2024-07-11,241.00,0.42,244.80,239.00,244.00,"36,447","8,777,001.30"
2024-07-14,248.00,2.9,250.70,238.50,245.80,"70,421","17,263,020.90"
2024-07-15,250.50,1.01,256.00,245.30,250.00,"95,049","23,877,332.40"
2024-07-16,270.00,7.78,272.00,249.00,254.00,"156,950","41,439,116.20"
2024-07-17,268.00,-0.74,276.00,260.70,270.00,"132,935","35,633,409.70"
2024-07-18,264.90,-1.16,273.30,263.00,270.00,"126,176","33,815,247.70"
2024-07-21,279.50,5.51,291.30,261.00,267.00,"191,157","52,932,687.90"
2024-07-22,285.90,2.29,289.80,274.00,285.00,"226,695","63,806,414.40"
2024-07-23,299.00,4.58,300.00,289.00,291.60,"184,799","54,819,257.60"
2024-07-24,284.00,-5.02,304.90,276.70,304.90,"154,391","44,674,110.70"
2024-07-25,280.00,-1.41,286.00,276.00,285.00,"110,893","31,233,236.10"
2024-07-28,285.00,1.79,300.90,272.50,285.60,"104,993","29,523,697.70"
2024-07-29,292.00,2.46,304.00,281.00,290.00,"226,091","66,680,929.80"
2024-07-30,302.90,3.73,306.00,290.00,292.00,"181,841","54,425,718.00"
2024-07-31,309.80,2.28,315.00,304.00,308.90,"165,772","51,512,368.80"
2024-08-01,296.00,-4.45,315.90,295.80,315.90,"143,586","43,560,741.60"
2024-08-05,303.00,2.36,313.10,290.10,296.00,"137,844","41,528,828.30"
2024-08-06,287.00,-5.28,313.10,286.20,302.00,"174,279","52,151,674.70"
2024-08-07,304.90,6.24,305.00,284.00,285.00,"120,091","35,366,013.30"
2024-08-08,298.00,-2.26,310.00,294.00,310.00,"125,011","37,762,736.00"
2024-08-11,320.00,7.38,321.00,303.90,303.90,"256,941","80,726,183.70"
2024-08-12,326.00,1.88,332.50,322.00,325.00,"182,855","59,808,033.40"
2024-08-13,318.00,-2.45,332.00,315.00,332.00,"148,479","47,474,996.10"
2024-08-14,322.90,1.54,324.30,308.00,316.00,"151,909","48,073,596.70"
2024-08-15,332.50,2.97,346.00,323.00,329.00,"240,043","81,163,358.20"
2024-08-18,318.00,-4.36,340.00,315.00,339.10,"171,389","55,849,471.40"
2024-08-21,313.50,-1.42,325.00,313.00,324.30,"127,431","40,286,331.70"
2024-08-22,318.00,1.44,322.00,307.30,307.30,"116,625","36,947,201.00"
2024-08-25,305.00,-4.09,324.10,303.00,314.00,"106,833","33,059,995.50"
2024-08-27,287.00,-5.9,305.00,285.50,300.30,"123,360","36,365,939.40"
2024-08-28,292.00,1.74,302.00,287.00,292.70,"90,844","26,774,126.20"
2024-08-29,285.00,-2.4,295.90,285.00,290.00,"73,031","21,059,416.20"
2024-09-01,280.00,-1.75,295.00,279.30,290.00,"46,635","13,288,478.00"
2024-09-02,300.00,7.14,301.70,281.00,285.60,"90,545","26,433,146.30"
2024-09-03,297.00,-1,314.00,297.00,305.00,"61,573","18,704,350.60"
2024-09-04,284.00,-4.38,302.80,280.00,301.00,"70,414","20,156,714.70"
2024-09-05,282.50,-0.53,288.00,275.00,284.00,"63,258","17,775,293.70"
2024-09-08,278.00,-1.59,288.00,277.00,283.10,"55,113","15,519,541.80"
2024-09-09,270.00,-2.88,280.00,265.00,276.20,"59,394","16,013,505.50"
2024-09-10,264.00,-2.22,275.00,264.00,270.00,"46,813","12,580,634.90"
2024-09-11,257.10,-2.61,269.20,256.10,269.20,"45,006","11,782,042.70"
2024-09-12,275.00,6.96,275.00,254.00,257.00,"44,378","11,788,045.50"
2024-09-15,270.00,-1.82,286.00,267.00,278.50,"94,698","26,417,324.70"
2024-09-16,265.00,-1.85,275.00,262.00,264.80,"36,026","9,580,896.20"
2024-09-18,259.10,-2.23,270.30,259.00,270.00,"35,565","9,379,330.50"
2024-09-22,267.80,3.36,273.00,261.20,264.20,"42,615","11,328,383.40"
2024-09-23,259.00,-3.29,268.30,259.00,267.00,"32,339","8,490,915.70"
2023-11-20,160.00,0,166.00,157.80,163.20,"8,805","1,407,844.00"
2023-11-21,156.70,-2.06,159.90,156.00,157.00,"6,763","1,061,605.80"
2023-11-22,163.70,4.47,163.70,156.10,156.50,"3,985","634,867.50"
2023-11-23,165.00,0.79,166.80,160.50,160.50,"4,734","781,904.40"
2023-11-26,171.10,3.7,180.30,161.10,163.00,"23,259","3,988,501.20"
2023-11-27,169.10,-1.17,179.00,169.10,174.50,"6,332","1,100,011.00"
2023-11-28,173.40,2.54,173.40,166.10,166.10,"3,555","602,521.50"
2023-11-29,170.00,-1.96,172.00,167.10,173.40,"2,315","390,164.50"
2023-11-30,162.10,-4.65,173.00,162.10,170.00,"5,755","953,016.30"
2023-12-03,165.30,1.97,165.30,162.00,165.30,"3,330","544,461.00"
2023-12-04,164.00,-0.79,166.20,163.00,163.00,"2,148","352,410.80"
2023-12-05,164.00,0,166.00,158.00,161.00,"4,900","796,579.00"
2023-12-06,163.50,-0.3,166.00,162.00,164.00,"2,220","360,543.00"
2023-12-07,163.50,0,170.00,163.50,165.00,"4,358","724,201.50"
2023-12-10,179.80,9.97,179.80,166.70,166.70,"1,105","194,183.50"
2023-12-11,178.00,-1,186.90,174.00,183.30,"27,800","4,945,678.60"
2023-12-12,183.20,2.92,184.00,177.00,178.00,"33,510","6,073,474.90"
2023-12-13,181.00,-1.2,190.00,181.00,186.00,"43,860","8,138,560.50"
2023-12-14,186.40,2.98,188.00,180.30,182.00,"28,476","5,269,569.60"
2023-12-17,205.00,9.98,205.00,182.70,182.70,"75,014","14,681,511.90"
2023-12-18,210.00,2.44,213.00,204.00,205.50,"129,489","26,883,586.30"
2023-12-19,214.00,1.9,214.00,203.30,205.80,"45,899","9,585,754.70"
2023-12-20,230.00,7.48,230.00,210.00,211.00,"99,192","21,594,514.20"
2023-12-21,215.00,-6.52,230.00,215.00,230.00,"90,802","19,908,941.90"
2023-12-24,204.20,-5.02,220.00,204.00,212.00,"62,532","13,309,140.20"
2023-12-27,209.00,2.35,213.60,204.00,204.00,"67,123","14,022,414.80"
2023-12-28,208.00,-0.48,216.90,204.70,213.10,"21,348","4,454,451.10"
2024-01-01,199.00,-4.33,215.00,199.00,211.00,"32,689","6,691,917.10"
2024-01-02,190.00,-4.52,205.90,186.00,202.00,"45,947","8,850,974.90"
2024-01-03,199.00,4.74,201.00,186.20,193.70,"35,246","6,812,217.30"
2024-01-04,207.00,4.02,216.20,200.00,202.90,"130,363","27,211,657.30"
2024-01-07,207.10,0.05,215.20,206.60,211.10,"81,022","17,051,866.50"
2024-01-08,213.80,3.24,214.20,207.10,210.00,"28,300","6,007,158.90"
2024-01-09,212.00,-0.84,223.00,210.00,213.80,"122,812","26,770,010.20"
2024-01-10,208.60,-1.6,216.20,207.00,216.20,"38,346","8,034,358.00"
2024-01-11,211.00,1.15,214.00,207.00,209.90,"44,167","9,315,094.60"
2024-01-14,224.10,6.21,227.00,214.00,215.20,"175,443","39,050,331.30"
2024-01-16,233.00,3.97,246.00,225.70,228.50,"186,142","43,560,429.10"
2024-01-17,222.00,-4.72,240.70,221.60,236.00,"178,115","40,895,506.70"
2024-01-18,229.00,3.15,229.00,214.20,217.70,"100,474","22,529,138.20"
2024-01-21,231.00,0.87,242.00,229.00,233.50,"134,637","31,884,006.50"
2024-01-22,226.00,-2.16,239.00,223.00,235.40,"69,368","15,858,338.70"
2024-01-23,221.50,-1.99,230.00,218.50,229.90,"38,823","9,559,123.40"
2024-01-24,217.90,-2.29,230.00,216.00,227.40,"55,186","12,173,174.60"
2024-01-25,219.00,0.5,220.00,214.00,216.20,"39,068","8,465,581.50"
2024-01-28,221.00,0.91,224.00,215.10,215.10,"31,010","6,858,149.10"
2024-01-29,243.10,10,243.10,221.10,225.00,"360,373","85,492,123.20"
2024-01-30,259.00,6.54,265.20,247.90,247.90,"337,640","87,246,129.70"
2024-01-31,249.00,-3.86,264.10,245.10,264.10,"179,002","44,997,503.50"
2024-02-01,238.50,-4.22,253.90,237.00,253.90,"142,865","34,412,023.60"
2024-02-04,235.00,-1.47,241.00,232.00,234.00,"130,073","30,825,968.80"
2024-02-05,234.50,-0.21,239.70,231.50,239.70,"44,231","10,392,742.90"
2024-02-06,248.00,5.76,248.00,232.00,239.00,"110,809","26,661,178.00"
2024-02-07,247.00,-0.4,252.50,245.00,251.00,"128,692","31,973,626.80"
2024-02-08,246.70,-0.12,251.00,245.00,251.00,"73,960","18,260,114.80"
2024-02-11,242.00,-1.91,251.60,241.10,251.60,"95,423","23,478,193.90"
2024-02-12,254.00,4.96,255.00,242.90,244.00,"126,653","31,623,217.80"
2024-02-13,253.90,-0.04,261.00,244.00,249.00,"271,351","68,854,489.60"
2024-02-14,259.90,2.36,259.90,245.50,253.00,"122,782","30,831,268.30"
2024-02-15,263.00,1.19,272.30,255.00,260.00,"239,401","63,029,857.40"
2024-02-18,280.50,6.65,280.50,257.80,257.80,"286,504","76,118,107.40"
2024-02-20,270.00,-3.74,280.50,267.80,280.50,"181,796","49,388,925.60"
2024-02-21,260.00,-3.7,273.00,260.00,271.00,"103,529","27,329,528.00"
2024-02-22,252.00,-3.08,265.20,248.50,265.20,"90,836","23,158,286.90"
2024-02-25,243.20,-3.49,257.00,243.10,250.00,"90,769","22,630,945.30"
2024-02-26,256.00,5.26,260.00,238.40,238.40,"82,938","20,764,284.40"
2024-02-27,256.00,0,266.30,251.50,251.50,"79,321","20,391,421.50"
2024-02-28,252.00,-1.56,261.00,252.00,256.00,"73,709","18,936,850.80"
2024-02-29,243.00,-3.57,255.90,241.00,255.90,"65,749","16,105,642.70"
2024-03-03,240.00,-1.23,243.70,234.60,239.30,"36,425","8,675,754.80"
2024-03-04,259.50,8.12,259.50,244.80,244.80,"1,100","284,748.00"
2024-03-05,245.00,-5.59,260.00,240.00,260.00,"105,608","26,227,121.30"
2024-03-06,246.00,0.41,253.80,237.50,249.90,"103,818","25,432,130.10"
2024-03-07,247.20,0.49,268.00,222.50,241.10,"187,623","47,410,357.50"
2024-03-10,257.80,4.29,260.00,252.10,252.10,"78,717","20,163,193.10"
2024-03-12,259.50,0.66,261.00,256.00,260.00,"82,403","21,288,783.40"
2024-03-13,259.60,0.04,261.60,253.40,259.50,"66,919","17,163,812.70"
2024-03-14,257.00,-1,259.80,248.00,256.00,"84,066","21,131,060.30"
2024-03-17,245.10,-4.63,254.50,245.00,252.00,"52,278","12,980,818.80"
2024-03-18,246.00,0.37,248.90,243.00,245.10,"43,634","10,707,141.10"
2024-03-19,238.00,-3.25,251.90,238.00,245.00,"86,337","20,945,900.20"
2024-03-20,235.20,-1.18,247.40,235.20,242.70,"56,723","13,567,087.10"
2024-03-21,237.40,0.94,241.90,231.00,231.00,"33,507","7,879,585.20"
2024-03-25,235.00,-1.01,240.00,233.00,233.00,"16,381","3,850,983.90"
2024-03-26,245.00,4.26,252.90,235.00,235.00,"95,177","23,031,414.80"
2024-03-27,239.80,-2.12,248.90,238.20,241.10,"49,980","12,046,636.40"
2024-03-28,239.50,-0.13,243.50,236.10,239.00,"30,753","7,388,297.00"
2024-03-31,239.00,-0.21,243.00,236.00,240.00,"29,776","7,147,982.10"
2024-04-01,234.00,-2.09,243.60,234.00,235.00,"47,052","11,103,783.50"
2024-04-02,231.60,-1.03,241.00,231.60,238.00,"20,536","4,806,280.40"
2024-04-03,231.80,0.09,235.00,229.50,232.50,"19,297","4,472,192.40"
2024-04-04,228.00,-1.64,234.00,227.00,229.10,"33,835","7,749,664.50"
2024-04-07,232.00,1.75,233.00,227.40,232.40,"20,451","4,706,090.70"
2024-04-09,234.00,0.86,239.00,231.10,232.10,"37,550","8,826,325.70"
2024-04-10,232.10,-0.81,238.00,232.10,234.00,"30,481","7,162,566.80"
2024-04-14,231.60,-0.22,235.00,230.00,235.00,"24,395","5,666,324.30"
2024-04-15,233.50,0.82,238.00,229.10,236.20,"19,249","4,462,550.10"
2024-04-16,229.00,-1.93,233.00,228.00,229.10,"10,957","2,509,693.70"
2024-04-18,227.00,-0.87,230.00,226.00,230.00,"10,466","2,380,907.90"
2024-04-21,228.00,0.44,230.00,222.70,225.30,"16,951","3,830,283.10"
2023-06-07,219.40,-0.27,223.90,218.60,223.00,"20,192","4,473,510.70"
2023-06-08,221.00,0.73,224.10,217.00,222.90,"32,159","7,098,500.60"
2023-06-11,226.00,2.26,227.00,221.00,224.00,"31,763","7,146,364.60"
2023-06-12,226.00,0,230.00,222.70,230.00,"35,122","7,900,575.10"
2023-06-13,225.60,-0.18,231.00,221.50,221.60,"53,329","12,096,212.90"
2023-06-14,229.90,1.91,234.60,224.00,230.00,"48,265","11,132,266.50"
2023-06-15,223.00,-3,230.00,222.10,227.00,"25,662","5,811,749.10"
2023-06-18,227.90,2.2,231.00,220.10,220.10,"20,926","4,755,762.10"
2023-06-19,229.30,0.61,231.00,224.50,230.00,"31,074","7,026,875.80"
2023-06-20,218.00,-4.93,233.00,216.20,233.00,"25,930","5,808,756.10"
2023-06-21,210.00,-3.67,229.00,209.10,222.30,"43,920","9,509,743.20"
2023-06-22,208.00,-0.95,214.20,204.80,210.00,"37,871","7,957,077.50"
2023-06-25,218.00,4.81,218.00,208.00,211.00,"51,000","10,740,746.80"
2023-06-26,219.90,0.87,230.00,218.00,221.90,"46,021","10,228,027.30"
2023-06-27,223.00,1.41,223.90,215.00,223.90,"60,468","13,225,069.00"
2023-06-28,214.90,-3.63,225.70,212.80,218.60,"44,994","9,750,876.70"
2023-07-02,207.00,-3.68,219.10,206.60,219.10,"49,216","10,309,187.20"
2023-07-03,200.10,-3.33,212.00,199.30,202.90,"42,641","8,667,360.80"
2023-07-04,205.00,2.45,209.00,200.00,204.10,"39,444","8,014,137.70"
2023-07-05,199.70,-2.59,206.00,198.00,206.00,"24,093","4,836,915.50"
2023-07-06,203.00,1.65,203.00,196.00,202.00,"16,406","3,264,842.90"
2023-07-09,204.00,0.49,205.00,199.00,199.00,"16,896","3,389,216.40"
2023-07-10,196.20,-3.82,205.00,196.00,200.00,"25,005","4,988,682.50"
2023-07-11,191.00,-2.65,198.90,187.00,192.30,"67,583","12,899,225.90"
2023-07-12,207.00,8.38,210.00,192.00,192.00,"27,708","5,615,384.10"
2023-07-13,201.00,-2.9,211.00,200.00,210.00,"19,912","4,051,430.40"
2023-07-16,196.00,-2.49,205.00,196.00,204.90,"16,431","3,264,365.60"
2023-07-17,203.50,3.83,203.90,197.00,199.90,"21,660","4,330,540.80"
2023-07-18,199.00,-2.21,206.90,197.00,202.30,"29,540","5,979,990.30"
2023-07-19,199.00,0,201.00,197.50,200.50,"17,764","3,531,127.50"
2023-07-20,203.00,2.01,204.80,195.10,195.10,"25,772","5,197,715.10"
2023-07-23,205.00,0.99,208.00,199.00,203.00,"38,010","7,747,097.70"
2023-07-24,206.00,0.49,210.10,202.00,202.00,"38,776","7,996,525.20"
2023-07-25,202.00,-1.94,207.00,198.50,204.00,"47,733","9,538,728.10"
2023-07-26,199.00,-1.49,203.50,198.00,199.30,"8,062","1,608,534.00"
2023-07-27,195.00,-2.01,202.00,195.00,197.50,"25,476","5,004,938.50"
2023-07-30,192.00,-1.54,198.90,188.20,191.10,"35,336","6,780,699.70"
2023-07-31,189.00,-1.56,193.00,189.00,193.00,"17,910","3,409,647.50"
2023-08-01,186.00,-1.59,191.00,184.00,185.40,"15,798","2,953,036.70"
2023-08-02,187.70,0.91,188.00,183.50,183.50,"8,392","1,563,560.00"
2023-08-03,186.00,-0.91,188.00,184.60,188.00,"13,750","2,554,406.00"
2023-08-06,179.50,-3.49,187.00,179.40,187.00,"23,649","4,281,542.10"
2023-08-07,180.00,0.28,185.60,177.50,181.00,"13,465","2,450,097.40"
2023-08-08,177.00,-1.67,181.00,177.00,180.00,"10,657","1,899,035.20"
2023-08-09,179.50,1.41,179.50,174.00,174.30,"18,352","3,220,377.20"
2023-08-10,176.00,-1.95,182.00,175.60,180.00,"27,862","4,952,882.80"
2023-08-13,175.20,-0.45,178.50,175.00,177.00,"10,051","1,778,285.50"
2023-08-14,171.90,-1.88,178.70,170.00,177.00,"32,204","5,557,567.20"
2023-08-15,167.40,-2.62,172.00,166.00,172.00,"16,829","2,833,708.50"
2023-08-16,167.00,-0.24,169.00,164.80,169.00,"18,963","3,138,952.40"
2023-08-17,168.00,0.6,171.50,165.00,165.00,"13,515","2,290,003.80"
2023-08-20,165.00,-1.79,170.00,163.70,170.00,"10,756","1,789,911.50"
2023-08-21,162.00,-1.82,168.00,159.00,161.80,"16,091","2,596,773.00"
2023-08-22,163.00,0.62,165.20,158.90,158.90,"20,105","3,272,539.00"
2023-08-23,172.00,5.52,174.30,164.00,165.00,"16,479","2,791,550.80"
2023-08-24,164.50,-4.36,175.40,163.00,169.00,"22,587","3,823,825.70"
2023-08-27,165.00,0.3,165.90,159.50,165.00,"12,633","2,051,635.90"
2023-08-28,165.00,0,167.00,162.00,162.00,"13,195","2,174,251.50"
2023-08-29,166.80,1.09,167.00,162.00,167.00,"3,103","508,707.00"
2023-08-30,162.00,-2.88,166.70,162.00,164.00,"9,190","1,500,198.50"
2023-09-03,162.00,0,166.20,160.00,160.10,"7,579","1,228,826.00"
2023-09-04,165.00,1.85,165.00,161.00,164.00,"6,352","1,036,069.00"
2023-09-05,162.10,-1.76,165.00,162.00,162.00,"8,089","1,312,156.00"
2023-09-07,160.00,-1.3,165.10,159.00,162.10,"10,530","1,698,037.00"
2023-09-10,160.00,0,163.00,158.50,163.00,"10,135","1,626,034.00"
2023-09-11,167.90,4.94,168.00,157.00,157.00,"8,361","1,370,790.00"
2023-09-12,163.00,-2.92,165.00,160.00,165.00,"4,903","792,460.50"
2023-09-13,168.00,3.07,169.50,161.00,163.00,"11,420","1,908,449.30"
2023-09-17,161.00,-4.17,167.00,159.60,167.00,"13,841","2,257,998.50"
2023-09-18,163.00,1.24,164.00,159.90,163.00,"4,214","677,759.00"
2023-09-19,174.70,7.18,174.70,160.00,165.00,"17,203","2,923,585.40"
2023-09-21,187.50,7.33,188.70,178.00,178.10,"48,759","9,029,469.10"
2023-09-24,181.80,-3.04,191.90,177.60,191.20,"20,553","3,795,134.40"
2023-09-25,177.00,-2.64,184.00,176.40,184.00,"10,298","1,837,438.20"
2023-09-26,183.90,3.9,191.00,179.00,180.50,"29,866","5,452,177.40"
2023-09-27,179.00,-2.66,185.00,176.00,183.00,"22,634","4,074,340.10"
2023-10-01,173.00,-3.35,178.00,170.00,178.00,"19,278","3,327,940.00"
2023-10-02,175.00,1.16,175.80,168.00,170.00,"13,347","2,298,282.00"
2023-10-03,176.50,0.86,181.00,168.20,172.10,"18,552","3,293,755.90"
2023-10-04,179.90,1.93,183.00,177.00,179.80,"11,826","2,126,687.50"
2023-10-05,181.00,0.61,182.00,175.80,180.00,"9,715","1,733,243.00"
2023-10-08,171.20,-5.41,183.00,171.20,183.00,"14,821","2,584,537.80"
2023-10-09,170.60,-0.35,174.60,167.90,167.90,"5,970","1,026,190.10"
2023-10-10,171.00,0.23,173.00,168.00,173.00,"11,329","1,920,259.50"
2023-10-11,171.00,0,172.80,168.10,170.00,"4,443","758,588.70"
2023-10-12,168.00,-1.75,171.00,168.00,168.10,"12,457","2,100,252.90"
2023-10-16,163.40,-2.74,170.00,163.00,165.10,"13,100","2,181,817.60"
2023-10-17,163.60,0.12,172.20,163.00,165.00,"6,174","1,032,561.80"
2023-10-18,169.00,3.3,170.00,163.10,163.50,"4,760","792,207.00"
2023-10-19,167.40,-0.95,170.00,163.00,166.00,"2,552","425,494.00"
2023-10-29,165.00,-1.43,167.50,164.10,164.30,"3,885","643,213.70"
2023-10-30,167.40,1.45,167.40,161.70,162.00,"7,790","1,293,028.20"
2023-10-31,167.10,-0.18,167.10,164.00,164.10,"3,210","529,382.00"
2023-11-01,165.00,-1.26,167.00,162.00,167.00,"11,316","1,845,031.80"
2023-11-02,161.00,-2.42,166.90,160.00,161.70,"6,513","1,052,799.90"
2023-11-05,160.00,-0.62,164.00,157.90,164.00,"8,989","1,432,842.00"
2023-11-06,162.00,1.25,163.00,160.00,163.00,"6,944","1,121,569.00"
2023-11-07,160.00,-1.23,164.20,160.00,160.00,"11,198","1,801,876.80"
2023-11-08,161.00,0.62,162.00,160.00,160.00,"4,002","644,664.50"
2023-11-09,160.00,-0.62,162.00,158.00,161.00,"10,502","1,680,405.80"
2023-01-01,202.00,-1.37,213.00,198.90,208.80,"66,352","13,696,986.20"
2023-01-02,212.00,4.95,214.00,198.00,202.00,"91,118","19,087,461.00"
2023-01-03,215.00,1.42,219.00,209.00,212.00,"83,624","17,938,464.40"
2023-01-04,226.00,5.12,227.70,214.80,215.00,"60,373","13,308,046.30"
2023-01-05,227.00,0.44,235.50,223.10,230.20,"35,466","8,152,164.90"
2023-01-08,221.00,-2.64,234.30,220.00,228.90,"117,323","26,613,443.60"
2023-01-09,243.10,10,243.10,223.00,223.00,"155,395","36,694,792.00"
2023-01-10,247.00,1.6,266.00,238.00,247.00,"176,894","45,285,509.90"
2023-01-12,240.00,-2.83,262.00,235.30,250.00,"122,657","30,542,454.90"
2023-01-17,253.00,5.42,255.90,233.00,242.00,"98,781","24,508,278.40"
2023-01-18,254.00,0.4,264.90,250.00,258.00,"117,428","30,183,228.50"
2023-01-19,254.00,0,259.00,246.00,257.00,"52,228","13,300,438.00"
2023-01-23,242.00,-4.72,252.00,240.70,250.00,"64,745","15,923,511.90"
2023-01-24,245.00,1.24,246.80,234.00,240.00,"66,346","15,922,956.00"
2023-01-25,256.00,4.49,259.00,245.60,249.90,"102,335","26,038,088.20"
2023-01-26,255.00,-0.39,264.00,253.00,261.00,"73,977","19,211,876.20"
2023-01-29,254.00,-0.39,260.10,246.00,250.00,"77,233","19,617,302.60"
2023-01-30,242.00,-4.72,256.00,241.00,256.00,"68,057","16,813,320.50"
2023-01-31,242.00,0,249.00,237.10,241.90,"56,693","13,810,923.60"
2023-02-01,241.10,-0.37,246.80,240.00,242.00,"21,293","5,170,696.00"
2023-02-02,239.90,-0.5,254.50,236.00,241.00,"62,193","15,242,862.80"
2023-02-05,241.00,0.46,248.50,239.00,243.60,"49,445","12,035,978.80"
2023-02-06,242.30,0.54,244.00,238.20,240.00,"20,629","4,967,857.50"
2023-02-07,259.90,7.26,259.90,246.20,247.00,"75,745","19,255,447.60"
2023-02-08,253.00,-2.65,265.00,253.00,264.00,"66,335","17,224,456.50"
2023-02-09,261.00,3.16,261.00,252.00,257.90,"42,468","10,882,031.40"
2023-02-12,247.00,-5.36,256.00,247.00,256.00,"76,907","19,252,524.90"
2023-02-14,246.00,-0.4,253.00,246.00,246.10,"25,329","6,297,799.90"
2023-02-15,245.00,-0.41,250.90,243.70,248.00,"18,404","4,532,826.70"
2023-02-16,236.00,-3.67,248.90,236.00,242.00,"35,878","8,596,228.20"
2023-02-20,237.50,0.64,243.00,236.00,240.00,"25,472","6,072,404.60"
2023-02-22,248.00,4.42,249.90,239.00,242.20,"19,114","4,700,881.20"
2023-02-23,238.10,-3.99,248.00,238.10,248.00,"26,168","6,290,750.20"
2023-02-26,241.00,1.22,241.10,226.10,234.70,"27,737","6,500,312.70"
2023-02-27,241.00,0,244.80,231.00,244.00,"29,926","7,060,297.20"
2023-02-28,242.30,0.54,244.00,236.30,242.00,"22,135","5,364,450.00"
2023-03-01,235.70,-2.72,242.00,235.20,240.00,"7,279","1,732,826.00"
2023-03-02,230.00,-2.42,236.00,229.50,235.00,"15,242","3,526,468.10"
2023-03-05,225.00,-2.17,230.00,225.00,227.20,"14,887","3,369,384.20"
2023-03-07,227.10,0.93,231.70,226.00,228.00,"18,027","4,104,731.10"
2023-03-09,242.50,6.78,242.50,230.00,230.00,"19,777","4,691,308.50"
2023-03-12,238.10,-1.81,249.00,236.40,245.00,"30,111","7,318,416.70"
2023-03-13,235.00,-1.3,240.00,233.10,236.10,"8,110","1,908,128.20"
2023-03-14,238.00,1.28,240.00,231.10,239.70,"8,327","1,974,612.00"
2023-03-15,234.10,-1.64,239.00,233.00,239.00,"15,479","3,635,361.70"
2023-03-16,236.20,0.9,238.00,230.00,230.00,"10,424","2,441,288.40"
2023-03-19,235.00,-0.51,239.00,235.00,239.00,"4,497","1,066,288.80"
2023-03-20,240.00,2.13,242.00,233.10,239.70,"13,509","3,236,476.50"
2023-03-22,236.00,-1.67,243.00,236.00,241.00,"12,176","2,910,924.50"
2023-03-23,232.50,-1.48,236.00,231.00,232.10,"14,532","3,374,420.40"
2023-03-26,230.00,-1.08,234.00,228.30,230.00,"14,968","3,437,367.60"
2023-03-27,237.70,3.35,238.90,225.60,228.00,"13,755","3,173,110.80"
2023-03-28,238.00,0.13,242.30,235.00,237.70,"9,410","2,248,643.50"
2023-03-29,236.00,-0.84,237.90,234.00,234.00,"1,682","396,541.00"
2023-03-30,234.10,-0.81,240.00,234.00,239.00,"6,997","1,658,611.00"
2023-04-02,228.10,-2.56,240.00,228.00,234.10,"20,974","4,842,842.20"
2023-04-03,225.60,-1.1,229.90,224.00,227.00,"7,599","1,716,360.30"
2023-04-04,224.50,-0.49,230.00,223.20,230.00,"8,675","1,960,615.20"
2023-04-05,224.10,-0.18,228.90,221.50,221.50,"5,935","1,333,947.50"
2023-04-06,222.10,-0.89,226.00,222.10,224.00,"10,121","2,266,241.10"
2023-04-09,215.00,-3.2,220.10,212.00,218.10,"19,566","4,224,595.90"
2023-04-10,217.00,0.93,220.30,215.00,215.00,"10,729","2,316,873.30"
2023-04-11,218.00,0.46,220.00,216.00,220.00,"17,766","3,894,097.20"
2023-04-12,237.90,9.13,239.40,222.00,222.00,"26,576","6,178,224.40"
2023-04-13,232.00,-2.48,241.90,228.00,240.00,"21,337","4,993,918.00"
2023-04-16,231.00,-0.43,233.00,226.10,227.50,"10,524","2,416,320.80"
2023-04-17,225.00,-2.6,230.00,225.00,230.00,"5,385","1,224,778.00"
2023-04-18,226.00,0.44,228.00,221.70,228.00,"8,497","1,904,945.40"
2023-04-19,229.60,1.59,230.00,224.10,226.00,"8,535","1,943,439.20"
2023-04-20,227.00,-1.13,233.90,225.20,227.00,"9,475","2,160,436.50"
2023-04-23,222.30,-2.07,227.10,222.10,227.00,"7,410","1,660,950.50"
2023-04-24,224.00,0.76,226.70,220.10,220.10,"3,901","875,498.80"
2023-04-25,228.00,1.79,230.00,220.10,220.10,"7,075","1,602,501.20"
2023-04-26,224.00,-1.75,231.90,224.00,229.00,"4,941","1,113,555.50"
2023-04-27,222.50,-0.67,228.00,221.00,225.00,"7,663","1,705,566.60"
2023-04-30,218.30,-1.89,221.00,218.30,221.00,"7,001","1,533,712.50"
2023-05-02,214.10,-1.92,220.00,213.70,220.00,"10,255","2,215,140.80"
2023-05-03,214.50,0.19,217.00,211.00,217.00,"7,846","1,670,177.70"
2023-05-04,213.00,-0.7,217.00,211.00,214.50,"8,322","1,773,112.70"
2023-05-07,211.00,-0.94,217.00,207.00,217.00,"12,335","2,574,703.50"
2023-05-08,203.00,-3.79,210.90,199.00,206.80,"22,620","4,575,189.50"
2023-05-09,206.50,1.72,208.00,201.70,202.00,"9,238","1,893,313.20"
2023-05-10,204.00,-1.21,207.00,202.60,203.10,"3,000","610,305.00"
2023-05-11,202.00,-0.98,204.00,202.00,204.00,"3,061","621,499.70"
2023-05-14,198.90,-1.53,204.00,196.20,204.00,"16,250","3,236,610.00"
2023-05-15,201.00,1.06,202.40,196.00,196.00,"9,969","1,980,157.70"
2023-05-16,202.00,0.5,202.00,198.00,201.00,"4,712","946,380.00"
2023-05-17,206.00,1.98,207.00,200.10,200.10,"12,255","2,516,263.90"
2023-05-18,213.10,3.45,214.40,204.10,207.90,"21,394","4,502,630.50"
2023-05-21,209.00,-1.92,217.30,206.80,216.00,"25,467","5,427,134.90"
2023-05-22,214.90,2.82,215.00,207.20,210.00,"13,980","2,967,694.50"
2023-05-23,222.00,3.3,226.00,212.70,217.00,"24,660","5,462,989.00"
2023-05-24,221.00,-0.45,225.00,219.20,222.00,"25,146","5,585,421.00"
2023-05-28,217.80,-1.45,225.90,213.50,220.20,"37,743","8,340,891.10"
2023-05-30,213.00,-2.2,217.00,208.00,214.00,"17,566","3,756,161.10"
2023-05-31,205.10,-3.71,217.00,205.00,209.00,"19,273","4,040,334.70"
2023-06-01,209.00,1.9,213.00,203.00,205.00,"20,381","4,268,858.70"
2023-06-04,218.00,4.31,221.00,213.10,213.10,"15,105","3,273,114.00"
2023-06-05,218.80,0.37,222.00,212.70,218.00,"14,726","3,209,675.70"
2023-06-06,220.00,0.55,220.00,211.70,220.00,"19,888","4,350,884.20"
2022-07-27,254.80,8.89,256.00,229.40,229.40,"95,180","23,047,865.30"
2022-07-28,260.00,2.04,276.40,246.20,259.00,"154,021","40,382,095.60"
2022-07-29,257.00,-1.15,263.00,251.00,263.00,"32,025","8,268,642.30"
2022-07-31,264.00,2.72,269.00,257.10,260.00,"99,986","26,230,585.80"
2022-08-01,264.00,0,278.00,252.90,264.00,"94,302","25,024,190.40"
2022-08-02,260.00,-1.52,268.90,256.20,264.00,"42,161","11,023,101.40"
2022-08-03,274.10,5.42,280.00,260.00,260.00,"157,355","43,320,210.60"
2022-08-04,262.00,-4.41,279.00,260.00,279.00,"95,129","25,441,056.30"
2022-08-05,264.00,0.76,269.00,257.10,257.30,"77,791","20,523,808.80"
2022-08-07,266.00,0.76,272.90,260.50,264.50,"37,073","9,843,675.80"
2022-08-08,260.00,-2.26,271.20,257.00,271.20,"33,746","8,882,209.50"
2022-08-09,245.00,-5.77,260.00,244.20,260.00,"71,095","17,888,742.70"
2022-08-10,247.10,0.86,253.90,238.50,241.10,"70,647","17,478,384.50"
2022-08-11,243.00,-1.66,257.00,238.00,252.00,"38,565","9,500,013.00"
2022-08-14,236.00,-2.88,247.80,232.30,247.80,"38,473","9,114,311.70"
2022-08-15,250.00,5.93,253.00,239.00,240.00,"57,161","14,133,039.40"
2022-08-16,243.00,-2.8,255.00,240.50,255.00,"42,908","10,615,378.90"
2022-08-17,241.00,-0.82,246.90,238.00,243.00,"28,595","6,876,049.40"
2022-08-18,251.00,4.15,252.00,241.10,245.80,"57,181","14,185,060.60"
2022-08-21,248.00,-1.2,256.00,245.20,251.00,"25,853","6,489,757.40"
2022-08-22,245.00,-1.21,248.80,241.30,243.10,"15,941","3,902,613.20"
2022-08-23,242.20,-1.14,248.00,242.00,248.00,"15,448","3,760,496.90"
2022-08-24,243.00,0.33,249.90,241.50,243.00,"20,759","5,062,314.10"
2022-08-25,236.10,-2.84,247.00,235.20,247.00,"26,578","6,336,444.80"
2022-08-26,234.00,-0.89,238.00,232.10,232.10,"18,939","4,424,215.00"
2022-08-28,224.00,-4.27,237.60,221.10,230.00,"49,261","11,099,504.50"
2022-08-29,224.60,0.27,226.00,219.60,220.20,"17,114","3,806,876.10"
2022-08-30,219.30,-2.36,228.80,219.10,228.80,"13,305","2,952,099.60"
2022-08-31,215.00,-1.96,223.60,213.00,220.00,"19,935","4,326,708.90"
2022-09-01,217.00,0.93,219.30,206.60,219.30,"75,257","17,047,582.30"
2022-09-02,212.70,-0.98,216.70,210.00,215.50,"18,711","3,964,733.90"
2022-09-04,216.60,1.83,218.00,211.00,216.90,"19,530","4,189,292.30"
2022-09-05,214.00,-1.2,219.30,211.00,215.10,"19,762","4,261,206.70"
2022-09-06,209.00,-2.34,214.00,207.00,214.00,"16,105","3,392,360.80"
2022-09-07,207.00,-0.96,208.00,204.00,205.70,"11,071","2,277,212.50"
2022-09-08,211.00,1.93,217.30,203.00,203.00,"17,686","3,699,780.40"
2022-09-11,211.00,0,215.00,207.00,208.00,"14,322","3,027,970.50"
2022-09-12,207.60,-1.61,211.00,204.00,211.00,"18,836","3,879,829.30"
2022-09-13,209.50,0.92,212.00,207.50,210.00,"12,793","2,688,299.00"
2022-09-14,217.20,3.68,221.00,208.00,208.00,"32,487","7,002,594.30"
2022-09-15,204.90,-5.66,218.00,204.00,218.00,"50,697","10,589,295.30"
2022-09-16,199.50,-2.64,204.00,193.10,200.90,"28,251","5,633,817.90"
2022-09-18,189.50,-5.01,200.00,189.00,196.00,"22,785","4,400,841.70"
2022-09-20,186.00,-1.85,192.00,184.00,192.00,"20,231","3,748,553.10"
2022-09-21,189.00,1.61,193.00,185.00,188.00,"16,986","3,226,726.90"
2022-09-22,187.00,-1.06,194.80,186.00,186.00,"13,185","2,492,072.50"
2022-09-25,180.00,-3.74,184.00,179.00,184.00,"10,905","1,974,276.50"
2022-09-27,185.00,2.78,190.30,177.00,180.00,"9,153","1,681,130.00"
2022-09-28,182.50,-1.35,190.60,182.30,187.00,"7,207","1,326,860.40"
2022-09-29,180.20,-1.26,186.00,176.10,185.90,"8,519","1,551,209.60"
2022-10-09,188.00,4.33,188.00,183.80,183.80,"13,151","2,442,170.30"
2022-10-10,183.00,-2.66,191.70,181.60,190.00,"8,141","1,509,807.50"
2022-10-11,183.90,0.49,183.90,179.00,180.50,"9,281","1,681,644.00"
2022-10-12,185.00,0.6,187.00,180.00,187.00,"8,750","1,609,415.60"
2022-10-13,185.00,0,188.50,184.00,188.00,"6,116","1,137,052.50"
2022-10-16,178.00,-3.78,186.00,178.00,185.00,"7,823","1,418,110.30"
2022-10-17,175.00,-1.69,179.50,173.50,176.00,"9,576","1,684,309.00"
2022-10-19,173.30,-0.97,177.00,170.00,175.00,"12,011","2,058,504.60"
2022-10-20,169.90,-1.96,173.40,166.60,173.00,"11,629","1,979,083.90"
2022-10-23,172.00,1.24,172.60,171.00,172.00,"1,998","343,469.20"
2022-10-31,170.00,-1.16,172.00,167.10,172.00,"7,874","1,336,971.00"
2022-11-01,185.00,8.82,186.00,171.90,172.00,"26,691","4,788,967.80"
2022-11-02,191.00,3.24,194.90,184.00,187.00,"43,103","8,186,117.50"
2022-11-03,192.00,0.52,194.80,187.10,194.00,"42,810","8,223,685.40"
2022-11-06,198.00,3.12,199.00,189.00,190.00,"34,891","6,821,132.40"
2022-11-07,194.10,-1.97,204.80,194.00,198.00,"40,996","8,191,025.90"
2022-11-08,194.40,0.15,196.00,191.10,196.00,"12,067","2,334,950.40"
2022-11-09,184.30,-5.2,195.00,183.30,192.10,"20,560","3,818,237.90"
2022-11-10,179.00,-2.88,187.00,177.60,185.00,"18,718","3,383,261.40"
2022-11-13,177.00,-1.12,182.90,176.20,180.00,"11,898","2,084,134.60"
2022-11-13,177.00,-1.12,182.90,176.20,180.00,"11,898","2,119,391.20"
2022-11-13,177.00,-1.12,182.90,176.20,180.00,"11,898","106,128.00"
2022-11-13,177.00,-1.12,182.90,176.20,180.00,"11,898","1,762.00"
2022-11-13,177.00,-1.12,182.90,176.20,180.00,"11,898","88,480.00"
2022-11-14,184.00,3.95,185.00,175.00,175.00,"9,765","3,500.00"
2022-11-15,183.50,-0.27,189.90,182.00,187.00,"15,548","2,814,223.90"
2022-11-15,183.50,-0.27,189.90,182.00,187.00,"15,548","58,720.00"
2022-11-16,185.30,0.98,188.00,184.00,185.00,"7,495","1,394,716.00"
2022-11-17,196.00,5.77,199.00,189.00,189.00,"23,206","4,513,821.90"
2022-11-22,191.20,-2.45,203.80,186.70,199.00,"24,979","4,940,763.70"
2022-11-23,193.00,0.94,194.00,189.00,194.00,"9,861","1,878,343.50"
2022-11-24,197.00,2.07,203.00,189.60,195.00,"37,124","7,193,339.20"
2022-11-27,202.00,2.54,207.00,198.00,199.90,"38,869","7,850,424.50"
2022-11-28,199.00,-1.49,209.00,199.00,205.00,"23,511","4,762,164.90"
2022-11-29,200.00,0.5,206.80,199.00,200.00,"10,133","2,046,502.60"
2022-11-30,201.90,0.95,203.50,201.00,203.50,"10,847","2,185,625.90"
2022-12-01,202.90,0.5,206.50,198.40,204.90,"21,883","4,435,219.00"
2022-12-04,203.00,0.05,207.90,200.00,206.00,"18,722","3,795,309.90"
2022-12-05,194.00,-4.43,200.00,193.00,200.00,"19,786","3,887,107.70"
2022-12-06,193.40,-0.31,196.00,190.00,196.00,"6,721","1,291,423.90"
2022-12-07,190.00,-1.76,193.90,189.60,190.00,"14,198","2,703,293.00"
2022-12-11,189.50,-0.26,189.50,183.00,186.30,"7,880","1,460,810.00"
2022-12-12,191.00,0.79,191.70,180.00,186.20,"26,635","4,936,193.30"
2022-12-13,190.00,-0.52,194.50,184.00,194.50,"7,159","1,346,331.90"
2022-12-14,190.00,0,190.00,186.50,189.00,"6,820","1,284,144.60"
2022-12-15,183.90,-3.21,189.90,183.30,186.20,"13,073","2,411,168.60"
2022-12-18,175.50,-4.57,181.00,175.00,180.60,"22,167","3,943,965.80"
2022-12-19,177.00,0.85,179.50,176.00,178.00,"7,623","1,355,005.70"
2022-12-20,177.00,0,180.30,175.00,175.00,"12,602","2,248,221.90"
2022-12-21,173.10,-2.2,178.00,173.00,177.00,"11,518","2,013,296.00"
2022-12-22,174.00,0.52,176.00,171.90,176.00,"11,051","1,918,292.10"
2022-12-26,191.00,9.77,191.00,177.40,177.40,"36,571","6,815,713.80"
2022-12-27,198.00,3.66,204.00,194.20,194.80,"57,510","11,490,184.20"
2022-12-28,195.90,-1.06,201.90,190.30,201.90,"36,667","7,202,116.20"
2022-12-29,204.80,4.54,205.00,192.10,193.00,"46,379","9,322,920.90"
2022-03-06,346.00,-1.14,360.40,343.00,355.00,"13,796","4,828,148.20"
2022-03-07,341.00,-1.45,355.00,340.00,350.00,"7,963","2,734,493.70"
2022-03-09,325.00,-4.69,347.00,324.00,347.00,"6,533","2,173,904.00"
2022-03-10,349.00,7.38,349.00,321.00,325.00,"11,187","3,797,932.50"
2022-03-13,360.00,3.15,368.00,352.00,355.00,"20,008","7,177,833.10"
2022-03-14,359.00,-0.28,365.00,350.00,360.00,"5,980","2,123,335.00"
2022-03-15,354.80,-1.17,361.00,347.00,360.00,"6,842","2,415,744.00"
2022-03-16,347.10,-2.17,355.00,341.00,355.00,"6,041","2,091,808.40"
2022-03-20,341.00,-1.76,353.00,340.20,353.00,"8,763","3,019,948.30"
2022-03-21,360.00,5.57,366.00,340.00,347.00,"20,902","7,391,085.20"
2022-03-22,359.00,-0.28,367.00,357.00,367.00,"8,642","3,105,409.90"
2022-03-23,349.00,-2.79,363.90,348.00,351.90,"9,032","3,176,805.00"
2022-03-24,339.00,-2.87,351.00,339.00,345.00,"13,950","4,787,339.70"
2022-03-27,326.00,-3.83,345.00,325.00,344.00,"11,883","3,937,023.90"
2022-03-28,320.10,-1.81,338.00,320.00,332.00,"9,710","3,169,783.90"
2022-03-29,324.50,1.37,326.00,314.00,326.00,"9,580","3,084,747.00"
2022-03-30,342.00,5.39,343.00,323.60,330.00,"11,956","3,952,341.00"
2022-03-31,327.00,-4.39,345.00,326.10,342.00,"7,350","2,440,136.40"
2022-04-03,325.00,-0.61,327.00,320.50,327.00,"4,951","1,593,940.00"
2022-04-04,321.00,-1.23,327.00,319.10,323.00,"4,230","1,363,855.00"
2022-04-05,314.00,-2.18,320.00,310.00,316.00,"6,328","1,987,153.00"
2022-04-06,305.00,-2.87,317.00,304.50,312.00,"7,694","2,383,701.60"
2022-04-07,309.00,1.31,312.00,300.00,311.00,"10,661","3,291,541.40"
2022-04-11,297.00,-3.88,317.00,295.00,315.00,"8,781","2,713,276.60"
2022-04-12,294.90,-0.71,300.00,289.10,300.00,"11,841","3,464,942.00"
2022-04-13,305.00,3.42,312.10,289.10,290.10,"7,830","2,323,117.70"
2022-04-17,293.00,-3.93,311.10,293.00,311.10,"3,567","1,055,222.30"
2022-04-18,285.00,-2.73,291.00,274.40,291.00,"9,605","2,711,636.00"
2022-04-19,292.70,2.7,292.70,275.00,290.00,"9,349","2,675,078.00"
2022-04-20,275.00,-6.05,292.00,274.00,287.00,"10,006","2,800,115.40"
2022-04-21,273.00,-0.73,276.00,252.00,275.00,"7,969","2,095,555.10"
2022-04-24,295.00,8.06,300.30,265.00,278.00,"21,030","6,006,990.40"
2022-04-25,294.10,-0.31,306.00,284.20,299.00,"15,281","4,502,549.00"
2022-04-26,290.00,-1.39,295.10,278.00,289.00,"7,401","2,101,560.50"
2022-04-27,289.00,-0.34,292.70,280.00,285.00,"7,637","2,195,279.50"
2022-04-28,285.00,-1.38,294.00,279.40,289.00,"7,732","2,203,686.20"
2022-05-02,260.00,-8.77,280.00,256.50,279.30,"143,358","37,404,375.00"
2022-05-04,245.00,-5.77,255.00,235.30,255.00,"46,091","11,289,929.00"
2022-05-05,229.00,-6.53,247.60,225.00,240.10,"38,048","8,773,606.80"
2022-05-08,230.00,0.44,232.00,215.00,225.00,"44,398","9,959,875.00"
2022-05-09,227.30,-1.17,238.00,223.00,232.90,"32,122","7,437,387.30"
2022-05-10,233.30,2.64,246.00,225.00,230.00,"48,197","11,265,890.50"
2022-05-11,256.60,9.99,256.60,237.90,237.90,"104,772","25,999,585.10"
2022-05-12,270.00,5.22,280.00,257.00,261.70,"105,486","28,678,903.60"
2022-05-17,251.00,-7.04,270.00,244.10,266.00,"52,176","13,443,378.10"
2022-05-18,264.00,5.18,268.00,233.30,246.50,"68,793","17,277,812.10"
2022-05-19,250.00,-5.3,264.00,249.00,264.00,"28,660","7,268,623.70"
2022-05-20,249.00,-0.4,256.90,245.00,250.00,"13,515","3,400,709.20"
2022-05-23,240.00,-3.61,246.30,235.00,244.50,"25,212","6,039,650.30"
2022-05-24,246.00,2.5,253.00,237.10,244.80,"37,718","9,322,500.50"
2022-05-25,248.00,0.81,260.10,247.10,249.00,"24,454","6,143,086.80"
2022-05-26,247.00,-0.4,252.00,243.00,246.00,"13,422","3,302,377.80"
2022-05-27,242.00,-2.02,251.90,240.00,251.90,"27,759","6,720,478.20"
2022-05-30,234.50,-3.1,243.30,234.00,243.00,"23,394","5,521,933.90"
2022-05-31,230.10,-1.88,240.00,228.90,230.00,"14,263","3,336,383.50"
2022-06-01,232.90,1.22,237.90,230.40,234.70,"28,041","6,541,629.90"
2022-06-02,230.90,-0.86,237.50,230.00,235.00,"14,499","3,357,140.20"
2022-06-03,225.00,-2.56,235.50,225.00,235.50,"19,440","4,424,595.40"
2022-06-06,230.00,2.22,238.00,224.50,229.00,"20,602","4,765,149.50"
2022-06-07,225.00,-2.17,234.00,223.00,230.00,"11,262","2,546,641.70"
2022-06-08,238.50,6,241.00,223.50,228.00,"38,811","9,030,185.10"
2022-06-09,232.00,-2.73,246.00,230.40,238.00,"25,368","6,063,607.60"
2022-06-10,226.00,-2.59,233.00,225.00,232.00,"29,700","6,770,919.70"
2022-06-13,229.00,1.33,231.50,226.00,230.00,"9,774","2,224,323.30"
2022-06-14,223.00,-2.62,232.00,221.10,232.00,"14,200","3,161,567.30"
2022-06-15,216.10,-3.09,223.00,213.00,219.00,"26,541","5,743,193.90"
2022-06-16,217.00,0.42,225.40,212.00,216.00,"23,848","5,247,332.50"
2022-06-17,213.20,-1.75,219.40,212.00,215.00,"11,955","2,567,813.60"
2022-06-19,200.00,-6.19,219.90,199.00,217.40,"28,051","5,752,172.10"
2022-06-20,185.00,-7.5,199.40,183.60,196.00,"59,285","11,227,933.60"
2022-06-21,197.00,6.49,198.00,187.00,187.00,"19,677","3,798,677.20"
2022-06-22,190.90,-3.1,199.90,186.00,199.90,"12,792","2,431,132.00"
2022-06-23,175.90,-7.86,187.10,171.90,187.10,"63,042","11,093,938.20"
2022-06-24,183.00,4.04,191.20,165.10,175.90,"36,986","6,468,329.40"
2022-06-26,201.30,10,201.30,185.00,186.60,"55,642","10,862,716.60"
2022-06-27,192.10,-4.57,208.00,192.00,205.30,"52,736","10,546,451.40"
2022-06-28,185.80,-3.28,194.00,182.30,189.00,"30,625","5,726,307.60"
2022-06-29,198.00,6.57,199.00,179.00,182.10,"35,968","6,961,870.00"
2022-06-30,208.50,5.3,212.00,198.10,201.90,"71,169","14,733,744.50"
2022-07-01,207.00,-0.72,216.00,204.40,212.60,"42,052","8,785,218.60"
2022-07-03,218.50,5.56,221.00,205.00,207.00,"56,237","12,138,611.10"
2022-07-04,205.00,-6.18,234.90,205.00,218.50,"95,382","21,442,355.70"
2022-07-05,216.00,5.37,225.00,204.00,204.00,"94,384","20,288,627.20"
2022-07-06,219.00,1.39,222.00,209.00,214.00,"41,095","8,784,192.20"
2022-07-07,217.20,-0.82,232.00,217.00,223.30,"30,503","6,741,480.10"
2022-07-08,210.00,-3.31,217.50,209.00,213.30,"24,157","5,112,850.10"
2022-07-11,198.00,-5.71,213.00,194.50,212.90,"40,129","8,040,266.30"
2022-07-12,204.90,3.48,206.00,197.00,201.00,"23,796","4,826,900.60"
2022-07-13,215.00,4.93,217.00,206.00,206.00,"24,486","5,195,108.70"
2022-07-14,215.00,0,219.30,210.10,217.90,"31,588","6,804,655.90"
2022-07-15,215.00,0,216.00,211.00,213.00,"7,573","1,620,521.00"
2022-07-17,213.00,-0.93,219.30,210.90,211.00,"12,903","2,780,192.80"
2022-07-18,213.10,0.05,217.00,209.00,217.00,"13,281","2,815,366.40"
2022-07-19,215.00,0.89,219.30,213.20,217.00,"26,049","5,638,199.80"
2022-07-20,212.00,-1.4,218.00,210.80,212.30,"23,278","4,967,660.60"
2022-07-21,212.00,0,216.20,210.00,211.00,"20,942","4,449,218.20"
2022-07-22,207.00,-2.36,211.10,206.20,208.00,"14,841","3,095,158.00"
2022-07-24,217.80,5.22,218.00,210.00,211.00,"22,052","4,737,756.30"
2022-07-25,230.00,5.6,234.00,218.10,219.50,"109,703","23,810,399.10"
2022-07-26,234.00,1.74,245.00,229.00,230.10,"103,792","24,503,865.30"
2021-09-29,366.00,5.47,372.20,331.30,344.00,"33,760","11,786,704.60"
2021-09-30,348.00,-4.92,375.00,347.00,373.30,"12,741","4,545,686.00"
2021-10-03,320.90,-7.79,343.00,318.00,341.10,"29,487","9,632,833.50"
2021-10-04,305.00,-4.95,330.00,303.10,315.00,"37,092","11,505,885.30"
2021-10-05,322.00,5.57,324.20,306.00,310.00,"27,606","8,720,315.80"
2021-10-06,332.00,3.11,338.00,324.00,324.00,"22,039","7,274,040.00"
2021-10-10,322.90,-2.74,345.00,318.00,338.60,"17,695","5,797,579.50"
2021-10-11,320.00,-0.9,328.00,305.10,328.00,"7,037","2,233,888.00"
2021-10-17,324.00,1.25,328.00,310.00,326.00,"5,743","1,825,825.00"
2021-10-18,304.00,-6.17,323.80,301.00,323.80,"13,351","4,119,409.00"
2021-10-19,289.00,-4.93,306.00,275.00,298.00,"20,809","5,967,032.00"
2021-10-20,306.00,5.88,308.00,294.70,294.70,"11,317","3,396,297.00"
2021-10-21,296.00,-3.27,309.00,296.00,309.00,"16,701","5,035,089.60"
2021-10-24,309.00,4.39,311.00,298.00,300.00,"9,750","2,983,598.50"
2021-10-25,339.90,10,339.90,314.60,315.00,"29,421","9,738,975.30"
2021-10-26,373.80,9.97,373.80,346.00,346.00,"51,617","19,093,233.70"
2021-10-27,379.10,1.42,397.00,364.00,381.00,"66,227","25,541,346.60"
2021-10-28,396.00,4.46,397.00,368.00,379.10,"34,536","13,450,417.50"
2021-10-31,428.00,8.08,435.60,395.00,402.90,"41,719","17,269,270.00"
2021-11-01,414.00,-3.27,444.00,412.00,430.00,"38,225","16,117,337.90"
2021-11-02,423.00,2.17,433.00,398.00,413.00,"26,444","11,002,391.80"
2021-11-03,415.00,-1.89,431.00,412.00,431.00,"18,517","7,772,717.70"
2021-11-08,409.00,-1.45,423.00,409.00,410.10,"11,808","4,900,957.50"
2021-11-09,391.00,-4.4,406.00,373.00,401.00,"44,491","17,179,406.70"
2021-11-11,367.00,-6.14,390.00,355.00,383.20,"39,692","14,754,378.50"
2021-11-14,368.00,0.27,381.00,353.00,360.00,"19,773","7,354,475.00"
2021-11-15,385.00,4.62,396.70,375.00,375.00,"39,148","15,025,926.50"
2021-11-16,408.20,6.03,412.00,389.00,392.00,"37,684","15,058,262.00"
2021-11-17,401.00,-1.76,432.00,400.00,416.30,"26,012","10,832,974.10"
2021-11-18,402.90,0.47,415.00,394.00,401.00,"52,750","21,410,767.00"
2021-11-21,412.00,2.26,419.00,394.90,394.90,"30,942","12,690,578.70"
2021-11-22,408.30,-0.9,419.90,407.00,415.00,"16,041","6,605,074.40"
2021-11-23,394.00,-3.5,410.00,382.30,402.30,"36,770","14,531,901.70"
2021-11-24,395.10,0.28,410.00,375.00,390.00,"20,955","8,287,148.40"
2021-11-25,399.00,0.99,407.00,397.00,400.00,"22,190","8,940,930.30"
2021-11-28,377.50,-5.39,395.00,372.40,395.00,"24,559","9,344,215.90"
2021-11-29,379.00,0.4,392.00,370.00,370.00,"17,315","6,600,996.00"
2021-11-30,380.00,0.26,386.00,359.00,386.00,"16,915","6,355,653.50"
2021-12-01,378.00,-0.53,390.00,377.30,387.60,"10,345","3,971,860.80"
2021-12-02,362.00,-4.23,385.50,360.00,371.00,"23,266","8,542,497.00"
2021-12-05,347.00,-4.14,364.00,345.00,356.00,"18,664","6,593,444.00"
2021-12-06,360.90,4.01,363.10,330.00,341.00,"20,753","7,223,760.00"
2021-12-07,345.00,-4.41,375.00,345.00,368.00,"21,128","7,643,287.50"
2021-12-08,330.00,-4.35,350.00,325.00,339.00,"11,594","3,887,994.00"
2021-12-09,328.00,-0.61,346.20,321.00,325.00,"13,567","4,465,677.00"
2021-12-12,309.00,-5.79,323.00,305.00,323.00,"15,226","4,782,564.00"
2021-12-13,284.00,-8.09,305.00,278.10,302.90,"27,995","8,018,015.60"
2021-12-14,312.40,10,312.40,289.00,289.60,"11,932","3,626,742.40"
2021-12-15,327.00,4.67,343.60,315.00,318.60,"34,152","11,431,230.40"
2021-12-16,313.90,-4.01,331.00,313.90,320.50,"18,720","5,990,648.70"
2021-12-20,305.00,-2.84,320.10,300.70,320.10,"9,440","2,880,272.90"
2021-12-21,315.00,3.28,316.00,305.00,309.00,"7,529","2,331,171.00"
2021-12-22,331.00,5.08,336.00,319.00,321.00,"16,600","5,440,498.50"
2021-12-23,326.00,-1.51,345.00,318.00,337.60,"19,355","6,438,213.60"
2021-12-26,324.00,-0.61,332.00,319.00,320.00,"11,031","3,587,312.20"
2021-12-27,308.00,-4.94,327.90,308.00,320.00,"23,387","7,353,252.10"
2021-12-28,310.00,0.65,320.00,291.00,301.90,"20,679","6,281,493.20"
2021-12-29,308.00,-0.65,316.00,305.00,305.00,"6,652","2,057,313.50"
2022-01-02,310.00,0.65,314.10,304.00,308.00,"9,594","2,952,981.00"
2022-01-03,312.90,0.94,325.00,308.00,310.00,"11,179","3,487,795.20"
2022-01-04,319.00,1.95,323.00,310.00,310.00,"15,072","4,786,613.30"
2022-01-05,315.00,-1.25,333.90,315.00,319.00,"15,423","5,003,823.50"
2022-01-06,318.50,1.11,321.30,312.00,316.00,"14,753","4,701,766.50"
2022-01-09,350.30,9.98,350.30,324.40,324.40,"71,343","24,362,924.50"
2022-01-10,385.30,9.99,385.30,357.20,357.20,"67,905","25,723,015.00"
2022-01-11,398.00,3.3,410.90,383.20,391.90,"25,867","10,279,135.30"
2022-01-12,376.00,-5.53,402.00,374.30,390.10,"63,364","24,583,105.70"
2022-01-13,392.70,4.44,397.00,368.50,383.00,"40,382","15,589,372.50"
2022-01-16,406.80,3.59,412.00,397.00,392.70,"61,471","24,938,436.10"
2022-01-17,401.00,-1.43,414.90,392.00,414.90,"31,560","12,667,081.90"
2022-01-18,385.00,-3.99,402.00,380.10,400.00,"32,556","12,796,301.50"
2022-01-19,380.00,-1.3,397.00,375.00,385.00,"28,518","10,888,789.80"
2022-01-20,407.50,7.24,408.00,380.00,380.00,"78,521","31,386,374.10"
2022-01-23,404.00,-0.86,418.00,399.40,414.40,"44,805","18,341,077.00"
2022-01-24,381.00,-5.69,403.00,377.00,396.10,"50,558","19,687,606.00"
2022-01-25,385.00,1.05,395.70,374.00,388.00,"37,447","14,429,754.10"
2022-01-26,381.00,-1.04,385.00,363.00,385.00,"38,147","14,193,362.60"
2022-01-27,376.00,-1.31,387.00,370.50,380.00,"18,995","7,143,556.50"
2022-01-30,400.00,6.38,400.00,383.50,383.50,"37,194","14,717,242.70"
2022-01-31,390.00,-2.5,402.00,389.00,400.00,"28,160","11,016,907.20"
2022-02-01,409.00,4.87,415.00,384.00,385.00,"70,828","28,701,720.80"
2022-02-03,408.00,-0.24,423.00,406.30,411.00,"93,603","39,070,563.40"
2022-02-06,399.00,-2.21,405.10,391.00,402.00,"31,548","12,588,582.20"
2022-02-07,403.00,1,406.90,395.00,398.90,"25,142","10,053,463.40"
2022-02-08,392.50,-2.61,427.50,390.10,411.00,"33,315","13,479,437.10"
2022-02-09,390.90,-0.41,397.00,385.00,393.00,"19,291","7,505,910.80"
2022-02-10,388.00,-0.74,393.00,385.40,390.00,"17,186","6,673,747.80"
2022-02-13,365.00,-5.93,384.00,357.00,384.00,"48,119","17,699,523.00"
2022-02-14,369.00,1.1,384.90,365.20,372.00,"17,516","6,486,007.80"
2022-02-15,385.00,4.34,390.00,370.20,375.00,"14,530","5,501,137.80"
2022-02-16,375.00,-2.6,392.70,368.00,392.00,"14,579","5,516,383.20"
2022-02-17,370.00,-1.33,385.00,369.10,369.10,"12,546","4,698,138.00"
2022-02-20,374.00,1.08,382.00,348.30,362.60,"27,683","10,213,192.10"
2022-02-21,381.00,1.87,387.00,370.00,381.00,"13,505","5,138,032.40"
2022-02-22,379.20,-0.47,391.60,379.20,384.00,"11,286","4,351,177.90"
2022-02-23,385.00,1.53,400.00,380.00,386.70,"31,606","12,334,998.50"
2022-02-24,370.00,-3.9,392.70,365.00,380.00,"28,490","10,645,221.00"
2022-02-27,380.00,2.7,383.00,368.00,375.10,"24,675","9,282,786.20"
2022-02-28,368.00,-3.16,395.30,365.60,387.60,"31,065","11,703,620.30"
2022-03-02,350.00,-4.89,365.00,350.00,361.00,"17,122","6,075,713.10"
2021-05-04,153.00,6.99,156.00,140.00,145.00,"120,504","17,940,903.00"
2021-05-05,168.00,9.8,168.00,154.00,155.00,"194,018","32,109,743.00"
2021-05-06,184.00,9.52,184.00,165.00,176.00,"189,312","34,302,417.00"
2021-05-09,167.00,-9.24,193.00,166.00,193.00,"125,731","21,448,198.00"
2021-05-10,172.00,2.99,176.00,160.00,167.00,"60,115","10,209,575.00"
2021-05-11,181.00,5.23,182.00,164.00,164.00,"91,376","16,270,561.00"
2021-05-12,199.00,9.94,199.00,183.00,184.00,"180,193","34,708,636.00"
2021-05-13,218.00,9.55,218.00,196.00,205.00,"138,444","29,762,042.00"
2021-05-16,207.00,-5.05,220.00,204.00,220.00,"139,661","29,110,176.00"
2021-05-17,216.00,4.35,224.00,202.00,210.00,"111,453","23,356,124.00"
2021-05-18,237.00,9.72,237.00,216.00,219.00,"117,948","27,484,617.00"
2021-05-19,226.00,-4.64,255.00,224.00,240.00,"116,939","27,256,665.00"
2021-05-20,220.00,-2.65,237.00,216.00,237.00,"53,279","11,660,886.00"
2021-05-23,226.00,2.73,241.00,209.00,209.00,"100,788","22,694,943.00"
2021-05-24,221.00,-2.21,237.00,217.00,237.00,"82,024","18,116,617.00"
2021-05-25,235.00,6.33,236.00,217.00,224.00,"134,993","31,071,573.00"
2021-05-27,258.00,9.79,258.00,225.00,235.00,"165,212","41,791,962.00"
2021-05-30,283.00,9.69,283.00,261.00,265.00,"254,405","71,130,274.00"
2021-05-31,266.00,-6.01,297.00,265.00,297.00,"127,437","34,425,858.00"
2021-06-01,257.00,-3.38,270.00,248.00,262.00,"83,818","21,614,844.00"
2021-06-02,282.00,9.73,270.00,248.00,257.00,"158,675","43,496,750.00"
2021-06-03,292.00,3.55,310.00,281.00,296.00,"225,284","67,856,757.00"
2021-06-06,277.00,-5.14,292.00,263.00,292.00,"87,111","23,821,517.00"
2021-06-07,292.00,5.42,293.00,274.00,290.00,"123,594","35,361,416.00"
2021-06-08,300.00,2.74,310.00,292.00,295.00,"137,336","41,353,655.00"
2021-06-09,292.00,-2.67,315.00,287.00,315.00,"73,201","21,624,731.00"
2021-06-10,305.00,3.42,300.00,289.00,300.00,"102,783","42,633,319.00"
2021-06-13,335.00,8.52,320.00,305.00,320.00,"179,505","66,183,510.00"
2021-06-14,368.00,9.85,368.00,351.00,351.00,"77,196","28,380,257.00"
2021-06-15,404.00,9.78,404.00,386.00,386.00,"85,644","34,553,036.00"
2021-06-16,435.00,6.44,435.00,364.00,404.00,"408,828","159,482,287.00"
2021-06-17,428.00,-1.61,470.00,404.00,439.00,"123,272","53,420,265.00"
2021-06-20,386.00,-9.81,431.00,386.00,407.00,"159,639","63,406,844.00"
2021-06-21,352.00,-8.81,390.00,348.00,390.00,"121,449","44,029,097.00"
2021-06-22,387.00,9.94,387.00,325.00,365.00,"97,669","35,840,036.00"
2021-06-23,380.00,-1.81,406.00,376.00,406.00,"75,655","28,902,660.00"
2021-06-24,372.00,-2.11,391.00,367.00,373.00,"44,984","16,917,209.00"
2021-06-27,360.00,-3.23,390.00,360.00,390.00,"48,061","17,645,527.00"
2021-06-28,350.00,-2.78,367.00,345.00,360.00,"37,357","13,140,161.00"
2021-06-29,327.00,-6.57,357.00,325.00,345.00,"51,692","17,512,203.00"
2021-06-30,330.00,0.92,350.00,314.00,324.00,"59,268","19,109,813.00"
2021-07-01,350.00,6.06,351.00,331.00,340.00,"36,670","12,555,060.00"
2021-07-04,345.00,-1.43,356.00,341.00,355.00,"25,163","8,727,847.00"
2021-07-05,338.00,-2.03,353.00,338.00,349.00,"27,424","9,406,557.00"
2021-07-06,338.00,0,350.00,336.00,338.00,"20,325","6,916,166.00"
2021-07-07,341.00,0.89,354.00,334.00,354.00,"25,923","8,765,675.00"
2021-07-08,357.00,5.28,360.00,339.00,341.00,"35,087","12,289,141.00"
2021-07-11,375.00,5.04,378.00,345.00,360.00,"73,652","26,941,570.00"
2021-07-12,355.00,-5.33,385.00,348.00,380.00,"55,369","20,000,939.00"
2021-07-13,352.00,-0.85,372.00,344.00,372.00,"26,017","9,264,609.00"
2021-07-14,361.00,2.56,369.00,348.00,369.00,"24,732","8,944,014.00"
2021-07-15,370.00,2.49,381.00,363.00,368.00,"66,436","24,873,866.00"
2021-07-18,371.00,0.27,384.00,366.00,377.00,"37,333","13,896,041.00"
2021-07-19,373.00,0.54,381.00,368.00,371.00,"43,603","16,362,481.20"
2021-07-20,394.00,5.63,401.00,370.00,380.00,"123,317","48,374,095.60"
2021-07-22,389.00,-1.27,410.00,388.00,401.80,"100,243","39,755,933.10"
2021-07-25,404.70,4.04,407.00,387.00,396.50,"94,321","37,908,153.30"
2021-07-26,407.00,0.57,420.00,403.80,410.00,"86,097","35,402,781.80"
2021-07-27,436.00,7.13,445.00,412.00,415.00,"133,618","57,232,555.60"
2021-07-28,421.00,-3.44,460.00,418.00,444.70,"126,562","54,623,012.50"
2021-07-29,410.90,-2.4,421.00,404.50,421.00,"70,029","28,773,598.80"
2021-08-01,429.00,4.4,432.00,406.00,419.10,"86,321","36,690,384.40"
2021-08-02,420.00,-2.1,445.00,417.00,437.50,"76,929","33,112,875.90"
2021-08-03,438.90,4.5,440.20,412.00,412.00,"80,606","34,813,505.10"
2021-08-04,458.50,4.47,470.00,440.00,447.60,"127,548","57,745,483.10"
2021-08-05,436.00,-4.91,467.60,432.00,467.60,"102,050","45,380,743.70"
2021-08-08,455.00,4.36,466.00,426.00,444.70,"100,905","45,631,549.10"
2021-08-09,500.50,10,500.50,457.00,464.10,"200,711","96,678,757.20"
2021-08-10,515.00,2.9,544.00,502.00,510.50,"187,816","98,330,870.70"
2021-08-11,529.00,2.72,535.50,510.00,525.00,"111,113","58,300,308.20"
2021-08-12,518.90,-1.91,539.00,510.10,529.00,"95,870","49,773,753.80"
2021-08-15,491.00,-5.38,518.00,470.00,510.00,"131,766","64,772,911.10"
2021-08-16,528.00,7.54,537.00,490.00,500.00,"118,295","61,398,596.80"
2021-08-17,560.00,6.06,580.80,535.00,535.00,"101,950","57,237,914.40"
2021-08-18,560.00,0,612.00,558.00,571.00,"117,886","68,546,923.50"
2021-08-19,527.00,-5.89,580.00,521.00,560.00,"143,999","78,806,599.50"
2021-08-24,474.30,-10,516.50,474.30,516.50,"147,570","71,067,354.50"
2021-08-25,476.00,0.36,502.00,439.00,464.90,"101,459","47,733,778.70"
2021-08-26,510.00,7.14,522.00,477.00,477.00,"76,853","38,949,969.30"
2021-08-29,488.00,-4.31,520.00,486.00,520.00,"72,147","36,098,765.40"
2021-08-31,465.00,-4.71,496.30,465.00,479.00,"54,341","25,712,012.00"
2021-09-01,474.00,1.94,493.00,460.00,474.00,"46,304","22,093,201.10"
2021-09-02,451.00,-4.85,490.00,441.00,483.40,"26,546","12,176,539.50"
2021-09-05,411.80,-8.69,468.90,405.90,442.00,"54,072","22,558,081.60"
2021-09-06,452.90,9.98,452.90,404.00,412.00,"55,036","23,871,454.60"
2021-09-07,454.00,0.24,473.00,443.10,456.00,"40,755","18,547,396.60"
2021-09-08,437.00,-3.74,460.00,437.00,445.00,"21,741","9,614,310.80"
2021-09-09,469.00,7.32,477.00,440.00,445.70,"88,448","40,664,736.10"
2021-09-12,510.00,8.74,511.00,478.30,478.30,"67,735","33,993,672.80"
2021-09-13,494.00,-3.14,520.00,480.00,520.00,"68,410","33,864,211.90"
2021-09-14,481.00,-2.63,503.00,474.40,503.00,"35,800","17,285,508.90"
2021-09-15,465.10,-3.31,489.00,465.00,489.00,"24,349","11,439,106.90"
2021-09-16,436.00,-6.26,460.00,430.00,456.00,"58,372","25,586,203.30"
2021-09-20,396.00,-9.17,429.00,392.40,429.00,"64,732","26,157,130.80"
2021-09-21,405.00,2.27,426.00,360.00,396.00,"42,142","16,980,277.60"
2021-09-22,445.50,10,445.50,413.00,413.00,"47,021","20,287,150.00"
2021-09-23,423.00,-5.05,455.00,420.00,454.00,"36,670","16,074,347.50"
2021-09-26,395.20,-6.57,422.00,394.00,415.00,"38,858","15,662,129.70"
2021-09-27,376.00,-4.86,418.20,376.00,402.00,"25,771","10,020,604.00"
2021-09-28,347.00,-7.71,382.90,343.10,370.00,"47,016","16,944,983.20"
2020-12-03,124.00,-0.8,124.00,122.00,123.00,"13,201","1,619,148.00"
2020-12-06,119.00,-4.03,123.00,119.00,122.00,"12,180","1,470,580.00"
2020-12-07,121.00,1.68,123.00,116.00,117.00,"16,195","1,921,940.00"
2020-12-08,121.00,0,123.00,119.00,120.00,"15,676","1,901,964.00"
2020-12-09,118.00,-2.48,123.00,118.00,123.00,"13,946","1,655,024.00"
2020-12-10,117.00,-0.85,124.00,116.00,120.00,"9,626","1,129,757.00"
2020-12-13,118.00,0.85,122.00,116.00,122.00,"20,547","2,394,162.00"
2020-12-14,118.00,0,118.00,116.00,117.00,"12,645","1,478,900.00"
2020-12-15,116.00,-1.69,118.00,115.00,116.00,"15,450","1,793,446.00"
2020-12-16,117.00,0.86,117.00,115.00,115.00,"14,229","1,642,905.00"
2020-12-17,115.00,-1.71,116.00,113.00,115.00,"17,045","1,944,825.00"
2020-12-20,106.00,-7.83,113.00,106.00,113.00,"23,425","2,547,805.00"
2020-12-21,107.00,0.94,116.00,102.00,105.00,"19,553","2,118,424.00"
2020-12-22,112.00,4.67,115.00,109.00,109.00,"8,420","944,040.00"
2020-12-23,109.00,-2.68,113.00,108.00,113.00,"7,020","770,250.00"
2020-12-24,108.00,-0.92,110.00,106.00,110.00,"13,907","1,493,851.00"
2020-12-27,107.00,-0.93,112.00,106.00,108.00,"12,427","1,332,453.00"
2020-12-28,107.00,0,108.00,106.00,106.00,"10,701","1,144,986.00"
2020-12-29,106.00,-0.93,110.00,106.00,107.00,"3,720","400,580.00"
2020-12-30,106.00,0,108.00,105.00,106.00,"4,230","448,940.00"
2020-12-31,106.00,0,108.00,104.00,106.00,"12,268","1,296,801.00"
2021-01-03,110.00,3.77,110.00,104.00,105.00,"13,938","1,481,958.00"
2021-01-04,109.00,-0.91,110.00,106.00,108.00,"2,770","299,700.00"
2021-01-05,114.00,4.59,119.00,105.00,107.00,"32,632","3,709,944.00"
2021-01-06,115.00,0.88,120.00,112.00,116.00,"25,222","2,917,898.00"
2021-01-07,115.00,0,115.00,111.00,113.00,"14,673","1,660,189.00"
2021-01-10,112.00,-2.61,117.00,111.00,115.00,"7,770","873,650.00"
2021-01-11,112.00,0,114.00,110.00,110.00,"15,410","1,722,110.00"
2021-01-12,112.00,0,116.00,109.00,112.00,"16,223","1,833,374.00"
2021-01-13,114.00,1.79,116.00,110.00,110.00,"15,210","1,719,573.00"
2021-01-17,113.00,-0.88,114.00,112.00,112.00,"7,910","893,290.00"
2021-01-18,112.00,-0.88,115.00,112.00,113.00,"15,015","1,695,075.00"
2021-01-19,111.00,-0.89,115.00,110.00,112.00,"12,155","1,358,150.00"
2021-01-20,112.00,0.9,113.00,110.00,112.00,"14,314","1,594,568.00"
2021-01-21,115.00,2.68,117.00,111.00,111.00,"20,499","2,342,136.00"
2021-01-24,116.00,0.87,120.00,114.00,120.00,"19,332","2,252,801.00"
2021-01-25,116.00,0,120.00,114.00,120.00,"22,760","2,636,366.00"
2021-01-26,117.00,0.86,118.00,115.00,117.00,"26,481","3,084,700.00"
2021-01-27,121.00,3.42,122.00,116.00,118.00,"34,398","4,123,928.00"
2021-01-28,119.00,-1.65,122.00,117.00,120.00,"27,497","3,293,566.00"
2021-01-31,115.00,-3.36,122.00,114.00,120.00,"28,827","3,488,069.00"
2021-02-01,117.00,1.74,119.00,114.00,114.00,"7,082","829,833.00"
2021-02-02,116.00,-0.85,119.00,115.00,117.00,"16,135","1,882,905.00"
2021-02-03,116.00,0,119.00,115.00,118.00,"22,634","2,747,550.00"
2021-02-04,118.00,1.72,119.00,115.00,115.00,"35,732","4,221,223.00"
2021-02-07,119.00,0.85,122.00,118.00,120.00,"28,851","3,454,795.00"
2021-02-08,118.00,-0.84,123.00,117.00,121.00,"24,509","2,954,747.00"
2021-02-11,115.00,-2.54,123.00,115.00,123.00,"20,065","2,338,117.00"
2021-02-14,115.00,0,119.00,114.00,115.00,"14,851","1,708,026.00"
2021-02-15,115.00,0,121.00,115.00,117.00,"26,441","3,094,299.00"
2021-02-16,118.00,2.61,118.00,114.00,115.00,"13,904","1,605,484.00"
2021-02-17,116.00,-1.69,120.00,114.00,120.00,"12,323","1,423,271.00"
2021-02-18,115.00,-0.86,118.00,115.00,118.00,"19,114","2,206,099.00"
2021-02-21,118.00,2.61,121.00,113.00,113.00,"62,735","7,433,376.00"
2021-02-22,126.00,6.78,129.00,118.00,123.00,"143,326","17,764,777.00"
2021-02-23,126.00,0,130.00,118.00,130.00,"36,746","4,481,705.00"
2021-02-24,122.00,-3.17,132.00,120.00,132.00,"24,136","2,981,995.00"
2021-02-25,120.00,-1.64,126.00,119.00,124.00,"14,928","1,794,102.00"
2021-02-28,116.00,-3.33,120.00,115.00,120.00,"23,588","2,741,377.00"
2021-03-01,120.00,3.45,120.00,115.00,117.00,"10,271","1,212,723.00"
2021-03-02,117.00,-2.5,126.00,115.00,126.00,"16,996","1,972,770.00"
2021-03-03,115.00,-1.71,122.00,113.00,122.00,"10,365","1,197,240.00"
2021-03-04,116.00,0.87,119.00,115.00,115.00,"7,820","908,900.00"
2021-03-07,117.00,0.86,118.00,115.00,116.00,"8,486","986,345.00"
2021-03-09,117.00,0,119.00,116.00,117.00,"15,926","1,861,391.00"
2021-03-10,117.00,0,117.00,115.00,117.00,"9,665","1,118,493.00"
2021-03-14,114.00,-2.56,122.00,113.00,122.00,"14,410","1,654,146.00"
2021-03-15,118.00,3.51,119.00,113.00,115.00,"25,222","2,962,979.00"
2021-03-16,125.00,5.93,128.00,118.00,119.00,"135,353","16,932,037.00"
2021-03-17,136.00,8.8,137.00,125.00,128.00,"138,408","18,447,555.00"
2021-03-18,130.00,-4.41,142.00,128.00,142.00,"55,332","7,245,777.00"
2021-03-21,126.00,-3.08,135.00,122.00,135.00,"28,750","3,596,593.00"
2021-03-22,125.00,-0.79,128.00,123.00,128.00,"30,103","3,741,328.00"
2021-03-23,128.00,2.4,130.00,122.00,124.00,"22,710","2,891,825.00"
2021-03-24,128.00,0,131.00,126.00,129.00,"26,504","3,398,538.00"
2021-03-25,125.00,-2.34,128.00,123.00,127.00,"33,625","4,207,689.00"
2021-03-29,126.00,0.8,128.00,123.00,125.00,"14,096","1,768,090.00"
2021-03-30,126.00,0,129.00,124.00,124.00,"23,922","3,026,985.00"
2021-04-01,125.00,-0.79,128.00,124.00,126.00,"14,380","2,960,965.00"
2021-04-01,124.00,-0.8,127.00,123.00,125.00,"23,797","2,960,965.00"
2021-04-04,124.00,0,130.00,122.00,130.00,"19,341","2,435,515.00"
2021-04-05,128.00,3.23,134.00,118.00,118.00,"40,028","5,161,843.00"
2021-04-06,135.00,5.47,136.00,126.00,126.00,"92,248","12,205,854.00"
2021-04-07,136.00,0.74,144.00,133.00,137.00,"73,766","10,366,281.00"
2021-04-08,133.00,-2.21,137.00,133.00,136.00,"31,372","4,349,098.00"
2021-04-12,132.00,-0.75,135.00,132.00,135.00,"36,467","4,882,237.00"
2021-04-13,131.00,-0.76,135.00,130.00,130.00,"35,274","4,625,586.00"
2021-04-15,134.00,2.29,137.00,131.00,131.00,"40,708","5,482,494.00"
2021-04-18,138.00,2.99,142.00,134.00,135.00,"64,206","8,849,043.00"
2021-04-19,135.00,-2.17,140.00,132.00,138.00,"39,421","5,399,480.00"
2021-04-20,138.00,2.22,139.00,135.00,135.00,"21,997","3,011,040.00"
2021-04-21,148.00,7.25,151.00,136.00,144.00,"164,542","23,951,598.00"
2021-04-22,148.00,0,152.00,140.00,150.00,"75,803","11,213,100.00"
2021-04-25,137.00,-7.43,155.00,137.00,155.00,"43,614","6,131,769.00"
2021-04-26,134.00,-2.19,139.00,130.00,139.00,"47,771","6,328,772.00"
2021-04-27,140.00,4.48,143.00,132.00,134.00,"28,968","3,953,387.00"
2021-04-28,136.00,-2.86,142.00,136.00,142.00,"12,519","1,726,764.00"
2021-04-29,141.00,3.68,141.00,134.00,134.00,"19,243","2,672,986.00"
2021-05-02,145.00,2.84,146.00,139.00,140.00,"50,911","7,308,850.00"
2021-05-03,143.00,-1.38,148.00,140.00,143.00,"51,418","7,346,394.00"
2020-07-05,48.05,-1.94,49.00,48.05,49.00,350,"21,860.00"
2020-07-06,49.00,0,50.00,48.02,48.02,"1,500","72,696.00"
2020-07-07,49.00,0,50.00,48.05,48.05,"1,625","79,970.50"
2020-07-08,49.01,0.02,49.98,49.00,49.00,250,"12,300.00"
2020-07-09,49.98,1.98,49.99,49.00,49.00,"2,050","100,920.50"
2020-07-12,49.95,-0.06,50.00,48.02,50.00,"1,205","59,515.90"
2020-07-13,49.01,-1.88,50.00,48.96,48.96,"4,185","206,306.00"
2020-07-14,49.00,-0.02,49.98,48.77,49.00,950,"46,537.50"
2020-07-15,51.00,4.08,51.00,48.02,48.02,510,"25,033.00"
2020-07-16,51.00,0,52.00,50.00,51.00,"1,550","80,000.00"
2020-07-20,52.00,1.96,53.00,51.00,52.00,"1,570","81,740.00"
2020-07-21,50.00,-3.85,53.00,50.00,53.00,"2,045","103,985.00"
2020-07-22,49.20,-1.6,50.00,49.00,50.00,960,"47,351.00"
2020-07-23,50.00,1.63,52.00,49.00,49.00,"1,280","64,285.00"
2020-07-27,50.00,0,52.00,49.00,49.00,"1,350","75,300.50"
2020-07-28,50.00,-1.96,51.00,50.00,50.00,"1,300","65,750.00"
2020-07-29,55.00,10,55.00,50.00,50.00,"6,280","342,900.00"
2020-07-30,60.00,9.09,60.00,56.00,56.00,"14,605","874,325.00"
2020-08-02,61.00,1.67,62.00,58.00,61.00,"5,370","321,980.00"
2020-08-03,57.00,-6.56,62.00,55.00,62.00,"2,090","119,670.00"
2020-08-05,54.00,-5.26,56.00,52.00,56.00,"1,830","115,760.00"
2020-08-06,56.00,-1.75,59.00,56.00,59.00,240,"13,530.00"
2020-08-09,54.00,-3.57,55.00,54.00,55.00,40,"2,180.00"
2020-08-10,57.00,5.56,57.00,51.00,53.00,"4,210","173,690.00"
2020-08-11,62.00,8.77,62.00,56.00,59.00,"17,895","1,075,530.00"
2020-08-12,58.00,-6.45,62.00,58.00,62.00,"4,080","247,460.00"
2020-08-13,58.00,0,58.00,55.00,57.00,"1,620","90,940.00"
2020-08-16,55.00,-5.17,58.00,55.00,58.00,580,"32,790.00"
2020-08-17,53.00,-3.64,55.00,53.00,55.00,"2,300","123,170.00"
2020-08-18,58.00,9.43,58.00,53.00,54.00,"2,470","139,420.00"
2020-08-19,60.00,3.45,61.00,58.00,59.00,"5,065","303,975.00"
2020-08-20,61.00,1.67,63.00,60.00,61.00,"1,520","93,710.00"
2020-08-23,59.00,-3.28,64.00,58.00,64.00,"1,380","81,830.00"
2020-08-24,61.00,3.39,63.00,59.00,59.00,730,"44,140.00"
2020-08-25,58.00,-4.92,62.00,57.00,62.00,"1,300","76,570.00"
2020-08-27,57.00,-1.72,59.00,54.00,57.00,"4,880","268,640.00"
2020-08-31,60.00,9.09,60.00,55.00,56.00,"4,930","284,620.00"
2020-09-02,66.00,10,66.00,60.00,63.00,"22,350","1,419,439.00"
2020-09-03,66.00,0,72.00,65.00,67.00,"25,683","1,772,374.00"
2020-09-06,67.00,1.52,72.00,66.00,67.00,"24,485","1,703,590.00"
2020-09-07,69.00,2.99,70.00,64.00,66.00,"4,065","272,900.00"
2020-09-08,68.00,-1.45,72.00,66.00,72.00,"4,430","308,000.00"
2020-09-09,68.00,0,72.00,64.00,71.00,"8,661","598,585.00"
2020-09-10,66.00,-2.94,69.00,66.00,67.00,"4,074","273,362.00"
2020-09-13,71.00,7.58,71.00,64.00,65.00,"7,130","469,645.00"
2020-09-14,78.00,9.86,78.00,71.00,74.00,"32,286","2,439,622.00"
2020-09-15,85.00,8.97,85.00,80.00,80.00,"25,928","2,386,877.00"
2020-09-16,93.00,9.41,93.00,87.00,89.00,"12,974","1,172,258.00"
2020-09-17,102.00,9.68,102.00,97.00,97.00,"69,930","7,298,180.00"
2020-09-20,94.00,-7.84,112.00,94.00,102.00,"45,363","4,537,243.00"
2020-09-21,90.00,-4.26,98.00,85.00,98.00,"23,039","2,044,620.00"
2020-09-22,86.00,-4.44,89.00,85.00,89.00,"19,735","1,700,180.00"
2020-09-23,94.00,9.3,94.00,82.00,86.00,"13,204","1,165,169.00"
2020-09-24,101.00,7.45,102.00,94.00,95.00,"34,455","3,415,730.00"
2020-09-27,98.00,-2.97,103.00,96.00,103.00,"29,984","2,968,503.00"
2020-09-28,96.00,-2.04,102.00,94.00,102.00,"16,352","1,569,244.00"
2020-09-29,105.00,9.37,105.00,94.00,95.00,"67,193","6,899,634.00"
2020-09-30,115.00,9.52,115.00,105.00,105.00,"67,561","7,668,729.00"
2020-10-01,122.00,6.09,126.00,108.00,116.00,"75,137","9,097,561.00"
2020-10-04,110.00,-9.84,122.00,110.00,122.00,"30,444","3,521,235.00"
2020-10-05,117.00,6.36,119.00,104.00,108.00,"53,120","6,007,783.00"
2020-10-06,125.00,6.84,127.00,115.00,117.00,"71,080","9,111,657.00"
2020-10-07,137.00,9.6,137.00,126.00,130.00,"81,760","10,963,575.00"
2020-10-08,132.00,-3.65,144.00,128.00,138.00,"59,868","8,116,260.00"
2020-10-11,125.00,-5.3,130.00,122.00,130.00,"62,660","7,816,695.00"
2020-10-12,126.00,0.8,127.00,117.00,127.00,"24,689","3,048,680.00"
2020-10-13,118.00,-6.35,124.00,117.00,124.00,"29,842","3,586,489.00"
2020-10-14,113.00,-4.24,123.00,110.00,123.00,"31,713","3,583,098.00"
2020-10-15,112.00,-0.88,118.00,111.00,115.00,"18,723","2,137,659.00"
2020-10-18,112.00,0,117.00,109.00,110.00,"14,000","1,595,270.00"
2020-10-19,123.00,9.82,123.00,110.00,110.00,"33,860","4,080,431.00"
2020-10-20,128.00,4.07,129.00,123.00,123.00,"28,870","3,661,120.00"
2020-10-21,123.00,-3.91,130.00,121.00,128.00,"24,794","3,094,434.00"
2020-10-22,123.00,0,126.00,120.00,121.00,"8,552","1,057,774.00"
2020-10-28,122.00,-0.81,125.00,117.00,121.00,"7,865","953,930.00"
2020-10-29,121.00,-0.82,123.00,118.00,120.00,"12,500","1,502,110.00"
2020-11-01,123.00,1.65,124.00,117.00,122.00,"14,840","1,813,010.00"
2020-11-02,123.00,0,125.00,119.00,121.00,"7,885","957,003.00"
2020-11-03,120.00,-2.44,129.00,119.00,129.00,"12,759","1,540,380.00"
2020-11-04,124.00,3.33,126.00,114.00,114.00,"21,411","2,654,686.00"
2020-11-05,124.00,0,130.00,122.00,122.00,"32,195","4,031,685.00"
2020-11-08,131.00,5.65,132.00,125.00,125.00,"66,854","8,626,696.00"
2020-11-09,133.00,1.53,139.00,131.00,133.00,"58,150","7,778,320.00"
2020-11-10,131.00,-1.5,137.00,128.00,132.00,"26,032","3,393,632.00"
2020-11-11,131.00,0,134.00,128.00,130.00,"10,205","1,326,095.00"
2020-11-12,128.00,-2.29,133.00,126.00,133.00,"11,235","1,653,992.00"
2020-11-18,124.00,-3.12,129.00,123.00,129.00,"22,163","2,761,127.00"
2020-11-19,126.00,1.61,130.00,120.00,123.00,"24,795","3,066,539.00"
2020-11-22,122.00,-3.17,129.00,122.00,126.00,"15,940","1,977,924.00"
2020-11-23,122.00,0,124.00,120.00,121.00,"28,053","3,398,339.00"
2020-11-24,123.00,0.82,127.00,118.00,118.00,"21,020","2,613,270.00"
2020-11-25,124.00,0.81,128.00,123.00,123.00,"20,816","3,399,220.00"
2020-11-26,126.00,0.8,130.00,124.00,126.00,"32,369","4,110,314.00"
2020-11-29,123.00,-2.38,127.00,122.00,127.00,"20,728","2,566,406.00"
2020-11-30,129.00,4.88,130.00,121.00,121.00,"33,771","4,272,557.00"
2020-12-01,126.00,-2.33,131.00,122.00,131.00,"12,377","1,556,623.00"
2020-12-02,125.00,-0.79,132.00,121.00,132.00,"22,871","2,817,200.00"
2019-10-21,57.00,-1.72,57.00,57.00,57.00,100,"5,700.00"
2019-10-24,56.00,-1.75,57.00,54.00,57.00,600,"33,095.00"
2019-10-31,54.00,-3.57,56.00,54.00,56.00,600,"33,200.00"
2019-11-03,55.00,1.85,55.00,54.00,54.00,190,"10,410.00"
2019-11-05,55.00,0,57.00,55.00,55.00,"1,250","2,700.00"
2019-11-06,54.00,-1.82,54.00,54.00,55.00,50,"5,250.00"
2019-11-06,52.00,-3.7,53.00,52.00,54.00,100,"5,250.00"
2019-11-07,52.00,0,52.00,50.00,52.00,"1,340","68,290.00"
2019-11-10,54.00,3.85,54.00,53.00,53.00,150,"8,050.00"
2019-11-11,53.00,-1.85,55.00,53.00,55.00,390,"21,010.00"
2019-11-12,51.00,-3.77,55.00,51.00,52.00,250,"12,950.00"
2019-11-13,52.00,1.96,53.00,50.00,50.00,540,"28,040.00"
2019-11-14,52.00,0,52.00,51.00,52.00,280,"14,430.00"
2019-11-17,54.00,3.85,55.00,53.00,53.00,620,"33,490.00"
2019-11-18,54.00,0,55.00,53.00,53.00,360,"19,540.00"
2019-11-19,56.00,3.7,56.00,52.00,53.00,"1,350","73,500.00"
2019-11-21,56.00,0,57.00,56.00,57.00,150,"8,450.00"
2019-11-24,55.00,-1.79,55.00,55.00,55.00,172,"9,460.00"
2019-11-25,53.00,-3.64,54.00,53.00,54.00,600,"32,050.00"
2019-11-26,50.00,-5.66,52.00,50.00,52.00,250,"12,850.00"
2019-11-27,52.00,4,52.00,51.00,51.00,300,"15,400.00"
2019-11-28,53.00,1.92,53.00,53.00,53.00,150,"7,950.00"
2019-12-02,53.00,0,53.00,51.00,53.00,570,"29,520.00"
2019-12-03,53.00,0,53.00,53.00,53.00,50,"2,650.00"
2019-12-04,52.00,-1.89,52.00,51.00,52.00,250,"12,950.00"
2019-12-05,51.00,-1.92,52.00,51.00,52.00,670,"34,720.00"
2019-12-08,54.00,5.88,54.00,51.00,51.00,"1,520","78,490.00"
2019-12-09,54.00,0,55.00,54.00,55.00,250,"13,600.00"
2019-12-10,54.00,0,55.00,53.00,55.00,650,"35,050.00"
2019-12-11,55.00,1.85,55.00,53.00,53.00,160,"8,690.00"
2019-12-12,55.00,0,55.00,55.00,55.00,700,"38,500.00"
2019-12-15,58.00,5.45,58.00,55.00,55.00,440,"48,260.00"
2019-12-16,63.00,5,64.00,60.00,60.00,"2,470","152,390.00"
2019-12-17,61.00,-3.17,62.00,61.00,62.00,210,"12,910.00"
2019-12-18,61.00,0,62.00,60.00,62.00,"1,000","61,550.00"
2019-12-19,59.00,-3.28,61.00,59.00,60.00,750,"45,400.00"
2019-12-22,57.00,-3.39,59.00,57.00,58.00,"1,045","60,660.00"
2019-12-23,57.00,0,58.00,56.00,58.00,690,"39,290.00"
2019-12-24,57.00,0,58.00,57.00,58.00,60,"3,470.00"
2019-12-25,53.00,-7.02,56.00,53.00,56.00,"3,250","174,270.00"
2019-12-26,55.00,3.77,55.00,53.00,53.00,391,"21,314.00"
2019-12-29,56.00,1.82,57.00,55.00,56.00,450,"25,150.00"
2019-12-30,58.00,3.57,58.00,57.00,57.00,250,"14,300.00"
2019-12-31,55.00,-5.17,59.00,55.00,57.00,840,"47,550.00"
2020-01-01,53.00,-3.64,54.00,53.00,54.00,880,"46,990.00"
2020-01-02,57.00,7.55,58.00,54.00,54.00,"1,180","67,850.00"
2020-01-05,56.00,-1.75,56.00,56.00,56.00,50,"2,800.00"
2020-01-06,58.00,3.57,58.00,56.00,57.00,890,"50,870.00"
2020-01-07,59.00,1.72,60.00,59.00,59.00,590,"35,040.00"
2020-01-08,57.00,-3.39,58.00,57.00,58.00,210,"12,170.00"
2020-01-09,58.00,1.75,58.00,57.00,57.00,150,"8,600.00"
2020-01-12,57.00,-1.72,58.00,56.00,58.00,800,"45,600.00"
2020-01-13,58.00,1.75,58.00,56.00,58.00,"1,240","70,160.00"
2020-01-14,60.00,3.45,60.00,58.00,58.00,690,"40,510.00"
2020-01-15,61.00,1.67,61.00,59.00,60.00,550,"33,070.00"
2020-01-16,62.00,1.64,62.00,59.00,60.00,"2,010","120,550.00"
2020-01-19,62.00,0,63.00,61.00,61.00,"4,930","304,010.00"
2020-01-21,58.00,-4.92,61.00,57.00,61.00,950,"55,390.00"
2020-01-22,57.00,-1.72,59.00,57.00,59.00,460,"26,790.00"
2020-01-23,58.00,1.75,59.00,57.00,58.00,"1,050","60,750.00"
2020-01-26,58.00,0,58.00,57.00,58.00,615,"38,305.00"
2020-01-27,59.00,0,60.00,59.00,59.00,640,"37,860.00"
2020-01-28,58.00,-1.69,60.00,58.00,58.00,"1,420","83,580.00"
2020-01-29,58.00,0,58.00,57.00,57.00,300,"17,250.00"
2020-01-30,58.00,0,59.00,57.00,57.00,310,"17,990.00"
2020-02-02,57.00,-1.72,59.00,57.00,59.00,610,"35,420.00"
2020-02-03,55.00,-3.51,56.00,55.00,56.00,"1,310","72,950.00"
2020-02-04,57.00,3.64,58.00,56.00,56.00,"1,000","57,150.00"
2020-02-05,57.00,0,58.00,56.00,57.00,610,"34,770.00"
2020-02-06,57.00,0,58.00,56.00,57.00,"1,060","60,820.00"
2020-02-09,58.00,1.75,58.00,57.00,57.00,210,"12,070.00"
2020-02-10,59.00,1.72,59.00,58.00,58.00,760,"44,480.00"
2020-02-11,56.00,-5.08,58.00,56.00,58.00,200,"11,400.00"
2020-02-12,58.00,3.57,59.00,56.00,56.00,"1,420","82,310.00"
2020-02-13,56.00,-3.45,60.00,56.00,59.00,"3,500","202,950.00"
2020-02-16,56.00,0,57.00,55.00,55.00,340,"19,640.00"
2020-02-17,59.00,3.51,61.00,57.00,58.00,"1,660","98,880.00"
2020-02-18,59.00,0,60.00,59.00,59.00,"2,270","135,340.00"
2020-02-19,62.00,5.08,62.00,59.00,59.00,900,"54,900.00"
2020-02-20,62.00,0,63.00,60.00,62.00,"1,903","117,510.00"
2020-02-23,64.00,3.23,64.00,62.00,63.00,"1,210","76,860.00"
2020-02-24,70.00,9.38,70.00,64.00,64.00,"2,500","169,560.00"
2020-02-25,71.00,1.43,72.00,70.00,70.00,"3,030","216,160.00"
2020-02-26,70.00,-1.41,72.00,70.00,72.00,"2,140","152,880.00"
2020-02-27,71.00,1.43,71.00,67.00,70.00,"1,270","86,740.00"
2020-03-01,70.00,-1.41,70.00,70.00,71.00,"1,410","98,700.00"
2020-03-03,68.00,-2.86,69.00,68.00,70.00,240,"16,360.00"
2020-03-05,66.00,-2.94,67.00,66.00,68.00,310,"37,590.00"
2020-03-05,62.00,-6.06,66.00,62.00,66.00,590,"37,590.00"
2020-03-10,60.00,-3.23,61.00,60.00,61.00,"1,050","64,000.00"
2020-03-11,61.00,1.67,61.00,57.00,59.00,"4,640","273,020.00"
2020-03-12,59.00,-3.28,60.00,59.00,60.00,"2,550","150,500.00"
2020-03-15,58.00,-1.69,58.00,58.00,58.00,25,"1,450.00"
2020-03-16,57.00,-1.72,58.00,56.00,57.00,"1,080","61,340.00"
2020-03-17,55.00,-3.51,56.00,55.00,56.00,"1,200","66,100.00"
2020-03-18,55.00,0,56.00,55.00,55.00,890,"49,380.00"
2020-03-19,53.00,-3.64,54.00,53.00,54.00,330,"17,590.00"
2020-05-12,52.00,-1.89,52.00,52.00,52.00,150,"7,800.00"
2020-05-13,51.00,-1.92,51.00,51.00,51.00,50,"2,550.00"
2020-07-02,49.00,-2,49.00,49.00,49.00,50,"4,900.00"
2019-06-12,150.00,0,150.00,150.00,150.00,50,"7,500.00"
2019-06-17,143.00,-4.67,143.00,143.00,143.00,50,"7,150.00"
2019-06-18,136.00,-4.9,136.00,136.00,136.00,40,"5,440.00"
2019-07-02,128.00,-5.88,130.00,128.00,130.00,100,"12,900.00"
2019-07-03,122.00,-4.69,122.00,122.00,122.00,50,"6,100.00"
2019-07-04,114.00,-6.56,116.00,114.00,116.00,150,"17,200.00"
2019-07-21,103.00,-9.65,109.00,103.00,109.00,130,"13,690.00"
2019-07-23,99.00,-3.88,101.00,99.00,101.00,20,"2,000.00"
2019-07-24,94.00,-5.05,95.00,94.00,95.00,100,"9,450.00"
2019-07-25,85.00,-9.57,90.00,85.00,90.00,"3,500","298,087.00"
2019-07-28,78.00,-8.24,84.00,77.00,84.00,821,"63,698.00"
2019-07-29,78.00,0,78.00,72.00,77.00,"1,900","142,260.00"
2019-07-30,73.00,-6.41,77.00,73.00,77.00,"3,410","252,320.00"
2019-07-31,70.00,-4.11,72.00,68.00,72.00,"3,041","209,518.00"
2019-08-01,72.00,2.86,72.00,70.00,70.00,600,"42,550.00"
2019-08-04,71.00,-1.39,73.00,71.00,73.00,"1,120","80,650.00"
2019-08-05,68.00,-4.23,71.00,68.00,71.00,350,"24,450.00"
2019-08-06,68.00,0,69.00,68.00,68.00,520,"35,510.00"
2019-08-07,68.00,0,69.00,68.00,68.00,200,"13,650.00"
2019-08-08,68.00,0,68.00,68.00,68.00,600,"40,800.00"
2019-08-11,67.00,-1.47,68.00,65.00,67.00,590,"39,440.00"
2019-08-12,65.00,-2.99,66.00,65.00,66.00,860,"56,300.00"
2019-08-13,67.00,3.08,69.00,65.00,65.00,750,"50,450.00"
2019-08-14,66.00,-1.49,68.00,66.00,67.00,610,"40,910.00"
2019-08-15,66.00,0,67.00,66.00,67.00,570,"38,120.00"
2019-08-18,65.00,-1.52,65.00,64.00,66.00,450,"29,100.00"
2019-08-19,65.00,0,66.00,65.00,66.00,250,"16,300.00"
2019-08-20,64.00,-1.54,65.00,64.00,65.00,500,"32,050.00"
2019-08-21,62.00,-3.12,63.00,62.00,63.00,200,"12,560.00"
2019-08-22,62.00,0,62.00,61.00,61.00,550,"34,050.00"
2019-08-25,62.00,0,63.00,62.00,63.00,150,"9,350.00"
2019-08-26,60.00,-3.23,61.00,58.00,61.00,490,"28,980.00"
2019-08-27,58.00,-3.33,61.00,58.00,61.00,760,"44,870.00"
2019-08-28,59.00,1.72,59.00,59.00,59.00,300,"17,700.00"
2019-08-29,61.00,3.39,61.00,59.00,59.00,"1,440","86,290.00"
2019-09-01,60.00,-1.64,61.00,60.00,61.00,190,"11,500.00"
2019-09-02,60.00,0,61.00,60.00,60.00,250,"15,050.00"
2019-09-03,62.00,3.33,62.00,59.00,59.00,400,"24,000.00"
2019-09-04,62.00,0,62.00,60.00,61.00,400,"24,350.00"
2019-09-05,60.00,-3.23,61.00,60.00,61.00,700,"42,400.00"
2019-09-08,57.00,-5,59.00,57.00,59.00,400,"23,250.00"
2019-09-09,55.00,-3.51,58.00,54.00,58.00,560,"31,540.00"
2019-09-10,55.00,0,56.00,55.00,56.00,"1,080","59,950.00"
2019-09-11,55.00,0,55.00,55.00,55.00,50,"2,750.00"
2019-09-15,54.00,0,54.00,53.00,54.00,350,"18,650.00"
2019-09-16,51.00,-5.56,53.00,50.00,53.00,800,"40,360.00"
2019-09-17,52.00,1.96,52.00,52.00,52.00,50,"2,600.00"
2019-09-18,53.00,1.92,53.00,53.00,53.00,100,"5,300.00"
2019-09-19,54.00,1.89,54.00,52.00,53.00,280,"14,790.00"
2019-09-22,53.00,-1.85,53.00,52.00,53.00,150,"7,900.00"
2019-09-23,51.00,-3.77,52.00,51.00,52.00,300,"15,460.00"
2019-09-24,51.00,0,51.00,50.00,51.00,250,"12,700.00"
2019-09-25,52.00,1.96,52.00,51.00,51.00,180,"9,260.00"
2019-09-26,51.00,-1.92,52.00,50.00,51.00,300,"15,250.00"
2019-09-29,51.00,0,51.00,50.00,50.00,200,"10,150.00"
2019-09-30,54.00,5.88,54.00,52.00,52.00,250,"13,200.00"
2019-10-01,55.00,1.85,55.00,55.00,55.00,50,"2,750.00"
2019-10-02,56.00,1.82,56.00,54.00,54.00,100,"5,520.00"
2019-10-10,56.00,0,57.00,56.00,57.00,750,"42,200.00"
2019-10-16,57.00,1.79,58.00,57.00,57.00,190,"10,930.00"
2019-10-17,58.00,1.75,58.00,58.00,58.00,50,"2,900.00"
2019-10-20,58.00,0,59.00,58.00,59.00,190,"11,070.00"
