0,Transact_No,Symbol,Buyer,Seller,Quantity,Rate,Amount
1,2024091804018386,NGPL,58,91,160,446.00,"71,360.00"
2,2024091804018284,NGPL,25,34,291,445.40,"129,611.40"
3,2024091804018283,NGPL,16,34,99,445.40,"44,094.60"
4,2024091804018282,NGPL,34,34,100,446.00,"44,600.00"
5,2024091804018281,NGPL,68,34,50,446.00,"22,300.00"
6,2024091804018280,NGPL,45,34,430,446.00,"191,780.00"
7,2024091804005838,NGPL,75,58,100,453.90,"45,390.00"
8,2024091804005837,NGPL,75,56,500,453.90,"226,950.00"
9,2024091804005844,NGPL,75,25,10,454.40,"4,544.00"
10,2024091804005843,NGPL,75,11,100,454.00,"45,400.00"
11,2024091804005842,NGPL,75,13,500,454.00,"227,000.00"
12,2024091804005841,NGPL,75,42,215,453.90,"97,588.50"
13,2024091804005840,NGPL,75,55,100,453.90,"45,390.00"
14,2024091804005839,NGPL,75,14,"1,000",453.90,"453,900.00"
15,2024091804005850,NGPL,75,49,750,454.90,"341,175.00"
16,2024091804005849,NGPL,75,58,500,454.80,"227,400.00"
17,2024091804005848,NGPL,75,57,10,454.70,"4,547.00"
18,2024091804005847,NGPL,75,14,200,454.70,"90,940.00"
19,2024091804005846,NGPL,75,42,10,454.60,"4,546.00"
20,2024091804005845,NGPL,75,42,10,454.50,"4,545.00"
21,2024091804005866,NGPL,89,77,30,455.00,"13,650.00"
22,2024091804005865,NGPL,89,58,200,455.00,"91,000.00"
23,2024091804005864,NGPL,89,11,100,455.00,"45,500.00"
24,2024091804005853,NGPL,75,11,900,455.00,"409,500.00"
25,2024091804005852,NGPL,75,34,"3,000",455.00,"1,365,000.00"
26,2024091804005851,NGPL,75,38,550,455.00,"250,250.00"
27,2024091804005872,NGPL,89,98,200,455.00,"91,000.00"
28,2024091804005871,NGPL,89,21,155,455.00,"70,525.00"
29,2024091804005870,NGPL,89,22,750,455.00,"341,250.00"
30,2024091804005869,NGPL,89,32,419,455.00,"190,645.00"
31,2024091804005868,NGPL,89,55,200,455.00,"91,000.00"
32,2024091804005867,NGPL,89,29,"1,000",455.00,"455,000.00"
33,2024091804005879,NGPL,48,38,100,455.50,"45,550.00"
34,2024091804005878,NGPL,48,28,200,455.50,"91,100.00"
35,2024091804005876,NGPL,89,54,100,455.00,"45,500.00"
36,2024091804005875,NGPL,89,22,14,455.00,"6,370.00"
37,2024091804005874,NGPL,89,90,100,455.00,"45,500.00"
38,2024091804005873,NGPL,89,29,50,455.00,"22,750.00"
39,2024091804005891,NGPL,95,43,40,455.50,"18,220.00"
40,2024091804005888,NGPL,98,34,200,455.60,"91,120.00"
41,2024091804005887,NGPL,45,34,300,455.60,"136,680.00"
42,2024091804005883,NGPL,98,53,250,455.50,"113,875.00"
43,2024091804005881,NGPL,98,38,550,455.50,"250,525.00"
44,2024091804005880,NGPL,48,38,700,455.50,"318,850.00"
45,2024091804005917,NGPL,56,58,100,455.90,"45,590.00"
46,2024091804005916,NGPL,56,16,540,455.80,"246,132.00"
47,2024091804005915,NGPL,56,26,20,455.50,"9,110.00"
48,2024091804005894,NGPL,95,16,460,455.80,"209,668.00"
49,2024091804005893,NGPL,95,36,500,455.60,"227,800.00"
50,2024091804005892,NGPL,95,34,500,455.60,"227,800.00"
51,2024091804005933,NGPL,77,71,10,456.70,"4,567.00"
52,2024091804005932,NGPL,77,58,910,456.00,"414,960.00"
53,2024091804005931,NGPL,56,58,90,456.00,"41,040.00"
54,2024091804005920,NGPL,56,38,100,456.00,"45,600.00"
55,2024091804005919,NGPL,56,90,100,456.00,"45,600.00"
56,2024091804005918,NGPL,56,29,50,456.00,"22,800.00"
57,2024091804005939,NGPL,77,41,"1,000",458.00,"458,000.00"
58,2024091804005938,NGPL,77,29,50,458.00,"22,900.00"
59,2024091804005937,NGPL,77,71,10,457.90,"4,579.00"
60,2024091804005936,NGPL,77,67,"1,000",457.00,"457,000.00"
61,2024091804005935,NGPL,77,53,"1,000",456.90,"456,900.00"
62,2024091804005934,NGPL,77,3,10,456.80,"4,568.00"
63,2024091804005956,NGPL,49,57,10,458.00,"4,580.00"
64,2024091804005950,NGPL,49,28,490,458.00,"224,420.00"
65,2024091804005943,NGPL,77,28,510,458.00,"233,580.00"
66,2024091804005942,NGPL,77,54,100,458.00,"45,800.00"
67,2024091804005941,NGPL,77,90,200,458.00,"91,600.00"
68,2024091804005940,NGPL,77,11,200,458.00,"91,600.00"
69,2024091804005986,NGPL,71,52,310,459.00,"142,290.00"
70,2024091804005982,NGPL,45,52,190,459.00,"87,210.00"
71,2024091804005981,NGPL,45,4,10,458.00,"4,580.00"
72,2024091804005980,NGPL,49,4,390,458.00,"178,620.00"
73,2024091804005973,NGPL,49,44,100,458.00,"45,800.00"
74,2024091804005964,NGPL,49,26,10,458.00,"4,580.00"
75,2024091804006019,NGPL,77,26,20,458.90,"9,178.00"
76,2024091804006018,NGPL,77,57,10,458.00,"4,580.00"
77,2024091804005990,NGPL,71,55,240,459.00,"110,160.00"
78,2024091804005989,NGPL,71,16,100,459.00,"45,900.00"
79,2024091804005988,NGPL,71,32,50,459.00,"22,950.00"
80,2024091804005987,NGPL,71,57,300,459.00,"137,700.00"
81,2024091804006034,NGPL,14,59,100,461.00,"46,100.00"
82,2024091804006032,NGPL,77,71,200,460.00,"92,000.00"
83,2024091804006023,NGPL,77,90,200,460.00,"92,000.00"
84,2024091804006022,NGPL,77,40,"1,000",460.00,"460,000.00"
85,2024091804006021,NGPL,77,90,100,459.00,"45,900.00"
86,2024091804006020,NGPL,77,55,470,459.00,"215,730.00"
87,2024091804006077,NGPL,58,57,50,461.00,"23,050.00"
88,2024091804006071,NGPL,88,32,980,462.00,"452,760.00"
89,2024091804006070,NGPL,88,25,20,461.90,"9,238.00"
90,2024091804006063,NGPL,49,26,10,461.80,"4,618.00"
91,2024091804006051,NGPL,49,25,20,461.80,"9,236.00"
92,2024091804006040,NGPL,77,44,100,460.00,"46,000.00"
93,2024091804006107,NGPL,54,4,300,462.00,"138,600.00"
94,2024091804006102,NGPL,54,53,200,462.00,"92,400.00"
95,2024091804006101,NGPL,54,51,100,462.00,"46,200.00"
96,2024091804006100,NGPL,16,51,100,462.10,"46,210.00"
97,2024091804006089,NGPL,54,58,"1,000",462.00,"462,000.00"
98,2024091804006079,NGPL,26,32,20,462.00,"9,240.00"
99,2024091804006125,NGPL,57,26,200,462.80,"92,560.00"
100,2024091804006124,NGPL,57,49,50,462.00,"23,100.00"
101,2024091804006123,NGPL,57,38,500,462.00,"231,000.00"
102,2024091804006122,NGPL,57,57,50,461.00,"23,050.00"
103,2024091804006109,NGPL,54,38,400,462.00,"184,800.00"
104,2024091804006108,NGPL,49,42,10,462.70,"4,627.00"
105,2024091804006154,NGPL,46,58,50,460.10,"23,005.00"
106,2024091804006146,NGPL,77,16,"2,000",460.00,"920,000.00"
107,2024091804006142,NGPL,88,38,500,462.00,"231,000.00"
108,2024091804006128,NGPL,57,58,490,463.90,"227,311.00"
109,2024091804006127,NGPL,57,42,10,463.90,"4,639.00"
110,2024091804006126,NGPL,57,47,200,463.00,"92,600.00"
111,2024091804006186,NGPL,77,34,515,460.00,"236,900.00"
112,2024091804006185,NGPL,65,34,485,460.10,"223,148.50"
113,2024091804006171,NGPL,65,49,15,460.10,"6,901.50"
114,2024091804006170,NGPL,46,49,50,460.10,"23,005.00"
115,2024091804006159,NGPL,46,44,200,460.10,"92,020.00"
116,2024091804006157,NGPL,46,57,200,460.10,"92,020.00"
117,2024091804006231,NGPL,57,37,12,458.00,"5,496.00"
118,2024091804006216,NGPL,57,40,988,458.00,"452,504.00"
119,2024091804006215,NGPL,11,40,12,458.00,"5,496.00"
120,2024091804006210,NGPL,77,38,135,460.00,"62,100.00"
121,2024091804006206,NGPL,77,51,200,460.00,"92,000.00"
122,2024091804006195,NGPL,77,68,50,460.00,"23,000.00"
123,2024091804006291,NGPL,48,37,107,458.00,"49,006.00"
124,2024091804006290,NGPL,48,25,300,457.90,"137,370.00"
125,2024091804006289,NGPL,57,57,910,455.00,"414,050.00"
126,2024091804006288,NGPL,98,57,90,455.10,"40,959.00"
127,2024091804006275,NGPL,16,57,100,456.10,"45,610.00"
128,2024091804006272,NGPL,88,40,500,455.10,"227,550.00"
129,2024091804006379,NGPL,44,6,867,458.00,"397,086.00"
130,2024091804006364,NGPL,57,6,90,458.00,"41,220.00"
131,2024091804006354,NGPL,16,6,43,460.00,"19,780.00"
132,2024091804006353,NGPL,16,55,50,460.00,"23,000.00"
133,2024091804006352,NGPL,16,40,407,459.90,"187,179.30"
134,2024091804006292,NGPL,48,40,93,459.90,"42,770.70"
135,2024091804006502,NGPL,57,25,175,459.90,"80,482.50"
136,2024091804006501,NGPL,57,13,75,459.90,"34,492.50"
137,2024091804006500,NGPL,58,17,500,458.00,"229,000.00"
138,2024091804006495,NGPL,58,45,38,458.00,"17,404.00"
139,2024091804006491,NGPL,48,13,300,459.90,"137,970.00"
140,2024091804006481,NGPL,58,17,13,458.00,"5,954.00"
141,2024091804006511,NGPL,58,56,245,460.00,"112,700.00"
142,2024091804006510,NGPL,58,28,"1,000",460.00,"460,000.00"
143,2024091804006509,NGPL,58,6,100,460.00,"46,000.00"
144,2024091804006508,NGPL,58,58,335,459.90,"154,066.50"
145,2024091804006506,NGPL,57,58,175,459.90,"80,482.50"
146,2024091804006505,NGPL,57,25,25,459.90,"11,497.50"
147,2024091804006575,NGPL,1,68,50,461.00,"23,050.00"
148,2024091804006561,NGPL,49,58,200,461.00,"92,200.00"
149,2024091804006560,NGPL,49,54,50,461.00,"23,050.00"
150,2024091804006559,NGPL,49,16,50,461.00,"23,050.00"
151,2024091804006539,NGPL,6,57,500,460.80,"230,400.00"
152,2024091804006512,NGPL,58,49,"4,000",460.00,"1,840,000.00"
153,2024091804006769,NGPL,49,25,390,461.00,"179,790.00"
154,2024091804006748,NGPL,39,25,10,461.00,"4,610.00"
155,2024091804006747,NGPL,39,25,40,461.00,"18,440.00"
156,2024091804006653,NGPL,39,77,50,461.00,"23,050.00"
157,2024091804006623,NGPL,5,77,50,461.00,"23,050.00"
158,2024091804006622,NGPL,5,68,50,461.00,"23,050.00"
159,2024091804006807,NGPL,48,25,50,462.00,"23,100.00"
160,2024091804006806,NGPL,48,29,250,462.00,"115,500.00"
161,2024091804006773,NGPL,49,29,250,462.00,"115,500.00"
162,2024091804006772,NGPL,49,56,50,462.00,"23,100.00"
163,2024091804006771,NGPL,49,7,300,461.90,"138,570.00"
164,2024091804006770,NGPL,49,26,10,461.00,"4,610.00"
165,2024091804006970,NGPL,16,20,100,460.10,"46,010.00"
166,2024091804006923,NGPL,49,26,10,462.60,"4,626.00"
167,2024091804006850,NGPL,39,67,90,462.70,"41,643.00"
168,2024091804006849,NGPL,39,42,10,462.60,"4,626.00"
169,2024091804006809,NGPL,48,25,100,462.00,"46,200.00"
170,2024091804006808,NGPL,48,77,100,462.00,"46,200.00"
171,2024091804007203,NGPL,56,83,500,460.00,"230,000.00"
172,2024091804007202,NGPL,16,83,300,460.00,"138,000.00"
173,2024091804007201,NGPL,58,83,320,460.00,"147,200.00"
174,2024091804007200,NGPL,4,83,171,460.10,"78,677.10"
175,2024091804007143,NGPL,4,45,19,460.10,"8,741.90"
176,2024091804007137,NGPL,4,56,10,460.10,"4,601.00"
177,2024091804007453,NGPL,19,56,50,460.00,"23,000.00"
178,2024091804007447,NGPL,19,25,50,460.00,"23,000.00"
179,2024091804007442,NGPL,19,7,100,460.00,"46,000.00"
180,2024091804007441,NGPL,19,47,100,460.00,"46,000.00"
181,2024091804007440,NGPL,19,28,500,460.00,"230,000.00"
182,2024091804007204,NGPL,57,83,200,460.00,"92,000.00"
183,2024091804007667,NGPL,19,67,200,460.00,"92,000.00"
184,2024091804007621,NGPL,65,63,240,461.00,"110,640.00"
185,2024091804007603,NGPL,65,7,100,461.00,"46,100.00"
186,2024091804007598,NGPL,65,7,100,461.00,"46,100.00"
187,2024091804007597,NGPL,65,43,10,461.00,"4,610.00"
188,2024091804007596,NGPL,65,25,50,460.90,"23,045.00"
189,2024091804007846,NGPL,14,45,100,458.30,"45,830.00"
190,2024091804007845,NGPL,14,45,100,458.30,"45,830.00"
191,2024091804007799,NGPL,14,34,100,458.30,"45,830.00"
192,2024091804007704,NGPL,4,6,100,460.00,"46,000.00"
193,2024091804007683,NGPL,4,6,100,460.00,"46,000.00"
194,2024091804007668,NGPL,4,67,800,460.00,"368,000.00"
195,2024091804007946,NGPL,1,57,50,457.00,"22,850.00"
196,2024091804007912,NGPL,46,57,507,458.00,"232,206.00"
197,2024091804007880,NGPL,46,80,493,458.00,"225,794.00"
198,2024091804007879,NGPL,77,80,"2,000",458.10,"916,200.00"
199,2024091804007878,NGPL,88,80,500,458.30,"229,150.00"
200,2024091804007872,NGPL,14,45,100,458.30,"45,830.00"
201,2024091804008090,NGPL,41,42,500,455.00,"227,500.00"
202,2024091804008069,NGPL,41,36,500,455.00,"227,500.00"
203,2024091804008068,NGPL,91,34,199,455.10,"90,564.90"
204,2024091804008060,NGPL,42,57,10,456.00,"4,560.00"
205,2024091804008030,NGPL,14,57,100,456.00,"45,600.00"
206,2024091804007979,NGPL,88,57,500,456.30,"228,150.00"
207,2024091804008139,NGPL,88,44,70,453.10,"31,717.00"
208,2024091804008136,NGPL,88,37,350,453.10,"158,585.00"
209,2024091804008125,NGPL,47,57,200,453.00,"90,600.00"
210,2024091804008093,NGPL,14,42,200,455.00,"91,000.00"
211,2024091804008092,NGPL,14,42,200,455.00,"91,000.00"
212,2024091804008091,NGPL,86,42,"1,000",455.00,"455,000.00"
213,2024091804008282,NGPL,66,44,100,452.80,"45,280.00"
214,2024091804008281,NGPL,56,44,100,453.00,"45,300.00"
215,2024091804008259,NGPL,56,57,100,453.00,"45,300.00"
216,2024091804008215,NGPL,47,28,187,453.00,"84,711.00"
217,2024091804008154,NGPL,47,57,253,453.00,"114,609.00"
218,2024091804008153,NGPL,88,57,80,453.10,"36,248.00"
219,2024091804008397,NGPL,32,19,100,452.00,"45,200.00"
220,2024091804008396,NGPL,57,19,50,452.00,"22,600.00"
221,2024091804008395,NGPL,77,19,250,452.00,"113,000.00"
222,2024091804008394,NGPL,88,19,100,452.80,"45,280.00"
223,2024091804008353,NGPL,88,98,200,452.80,"90,560.00"
224,2024091804008283,NGPL,88,44,200,452.80,"90,560.00"
225,2024091804008534,NGPL,88,42,450,451.30,"203,085.00"
226,2024091804008532,NGPL,88,22,50,451.30,"22,565.00"
227,2024091804008509,NGPL,77,51,100,451.10,"45,110.00"
228,2024091804008497,NGPL,88,35,500,451.90,"225,950.00"
229,2024091804008496,NGPL,91,35,200,451.90,"90,380.00"
230,2024091804008420,NGPL,32,49,100,452.00,"45,200.00"
231,2024091804008705,NGPL,88,42,480,451.20,"216,576.00"
232,2024091804008649,NGPL,88,22,20,451.20,"9,024.00"
233,2024091804008610,NGPL,88,33,500,451.20,"225,600.00"
234,2024091804008546,NGPL,51,35,100,451.50,"45,150.00"
235,2024091804008536,NGPL,77,42,150,451.10,"67,665.00"
236,2024091804008535,NGPL,46,42,500,451.20,"225,600.00"
237,2024091804008767,NGPL,95,63,100,455.00,"45,500.00"
238,2024091804008740,NGPL,58,16,100,452.00,"45,200.00"
239,2024091804008739,NGPL,58,35,138,451.50,"62,307.00"
240,2024091804008721,NGPL,77,6,750,451.10,"338,325.00"
241,2024091804008707,NGPL,54,35,50,451.50,"22,575.00"
242,2024091804008706,NGPL,77,42,520,451.10,"234,572.00"
243,2024091804009074,NGPL,66,42,200,457.00,"91,400.00"
244,2024091804009011,NGPL,88,50,160,455.10,"72,816.00"
245,2024091804008890,NGPL,49,28,100,452.80,"45,280.00"
246,2024091804008845,NGPL,49,50,40,455.10,"18,204.00"
247,2024091804008844,NGPL,49,63,60,455.00,"27,300.00"
248,2024091804008812,NGPL,38,25,50,453.00,"22,650.00"
249,2024091804009418,NGPL,95,58,149,453.00,"67,497.00"
250,2024091804009394,NGPL,95,25,38,453.00,"17,214.00"
251,2024091804009379,NGPL,95,43,200,453.00,"90,600.00"
252,2024091804009376,NGPL,95,28,113,453.00,"51,189.00"
253,2024091804009371,NGPL,95,45,500,453.00,"226,500.00"
254,2024091804009260,NGPL,66,28,100,453.10,"45,310.00"
255,2024091804009661,NGPL,58,19,20,454.90,"9,098.00"
256,2024091804009660,NGPL,58,38,15,453.00,"6,795.00"
257,2024091804009650,NGPL,52,58,151,453.00,"68,403.00"
258,2024091804009611,NGPL,4,47,40,452.40,"18,096.00"
259,2024091804009579,NGPL,4,20,80,452.40,"36,192.00"
260,2024091804009558,NGPL,4,41,309,452.40,"139,791.60"
261,2024091804009700,NGPL,57,50,107,455.00,"48,685.00"
262,2024091804009699,NGPL,57,58,458,455.00,"208,390.00"
263,2024091804009698,NGPL,57,57,100,455.00,"45,500.00"
264,2024091804009697,NGPL,57,40,335,454.90,"152,391.50"
265,2024091804009682,NGPL,41,40,500,454.90,"227,450.00"
266,2024091804009662,NGPL,58,40,165,454.90,"75,058.50"
267,2024091804009999,NGPL,45,11,200,452.50,"90,500.00"
268,2024091804009934,NGPL,45,45,400,452.50,"181,000.00"
269,2024091804009883,NGPL,45,40,50,452.50,"22,625.00"
270,2024091804009874,NGPL,29,25,50,453.00,"22,650.00"
271,2024091804009808,NGPL,48,51,100,454.00,"45,400.00"
272,2024091804009713,NGPL,58,50,30,455.00,"13,650.00"
273,2024091804010141,NGPL,14,50,100,452.20,"45,220.00"
274,2024091804010129,NGPL,4,49,179,452.40,"80,979.60"
275,2024091804010075,NGPL,4,47,50,452.40,"22,620.00"
276,2024091804010065,NGPL,4,34,342,452.40,"154,720.80"
277,2024091804010048,NGPL,38,40,150,452.50,"67,875.00"
278,2024091804010047,NGPL,45,40,350,452.50,"158,375.00"
279,2024091804010249,NGPL,44,74,80,452.10,"36,168.00"
280,2024091804010248,NGPL,16,74,500,452.10,"226,050.00"
281,2024091804010247,NGPL,1,74,100,452.10,"45,210.00"
282,2024091804010177,NGPL,58,20,60,452.50,"27,150.00"
283,2024091804010148,NGPL,58,49,21,452.40,"9,500.40"
284,2024091804010142,NGPL,1,50,400,452.10,"180,840.00"
285,2024091804010473,NGPL,77,47,100,451.50,"45,150.00"
286,2024091804010437,NGPL,25,20,40,452.00,"18,080.00"
287,2024091804010362,NGPL,92,45,30,452.10,"13,563.00"
288,2024091804010342,NGPL,58,58,"1,000",452.00,"452,000.00"
289,2024091804010264,NGPL,58,34,100,452.00,"45,200.00"
290,2024091804010250,NGPL,58,74,320,452.00,"144,640.00"
291,2024091804010624,NGPL,64,34,157,450.00,"70,650.00"
292,2024091804010623,NGPL,64,50,63,450.00,"28,350.00"
293,2024091804010525,NGPL,66,50,500,451.10,"225,550.00"
294,2024091804010524,NGPL,3,50,10,451.20,"4,512.00"
295,2024091804010523,NGPL,3,50,10,451.30,"4,513.00"
296,2024091804010499,NGPL,77,41,630,451.50,"284,445.00"
297,2024091804010760,NGPL,6,19,200,447.10,"89,420.00"
298,2024091804010729,NGPL,58,52,300,447.90,"134,370.00"
299,2024091804010728,NGPL,57,52,10,448.00,"4,480.00"
300,2024091804010663,NGPL,71,41,443,448.90,"198,862.70"
301,2024091804010626,NGPL,71,34,557,448.90,"250,037.30"
302,2024091804010625,NGPL,51,34,286,449.00,"128,414.00"
303,2024091804011379,NGPL,53,68,100,446.00,"44,600.00"
304,2024091804011378,NGPL,56,68,90,446.10,"40,149.00"
305,2024091804011314,NGPL,56,45,20,446.10,"8,922.00"
306,2024091804011117,NGPL,57,52,50,447.90,"22,395.00"
307,2024091804010903,NGPL,56,38,50,446.10,"22,305.00"
308,2024091804010786,NGPL,6,51,100,447.10,"44,710.00"
309,2024091804011759,NGPL,53,52,50,447.90,"22,395.00"
310,2024091804011728,NGPL,38,68,200,447.00,"89,400.00"
311,2024091804011551,NGPL,53,29,100,446.00,"44,600.00"
312,2024091804011514,NGPL,46,35,300,446.00,"133,800.00"
313,2024091804011417,NGPL,46,58,90,446.00,"40,140.00"
314,2024091804011380,NGPL,46,68,10,446.00,"4,460.00"
315,2024091804011921,NGPL,44,50,480,451.00,"216,480.00"
316,2024091804011920,NGPL,44,49,20,450.00,"9,000.00"
317,2024091804011905,NGPL,14,49,180,450.00,"81,000.00"
318,2024091804011904,NGPL,14,17,20,450.00,"9,000.00"
319,2024091804011839,NGPL,62,57,350,447.90,"156,765.00"
320,2024091804011760,NGPL,53,57,150,447.90,"67,185.00"
321,2024091804012398,NGPL,41,41,200,450.00,"90,000.00"
322,2024091804012387,NGPL,36,58,500,450.00,"225,000.00"
323,2024091804012167,NGPL,18,68,500,450.00,"225,000.00"
324,2024091804012157,NGPL,14,74,460,451.90,"207,874.00"
325,2024091804012156,NGPL,14,32,20,451.80,"9,036.00"
326,2024091804012155,NGPL,14,33,20,451.80,"9,036.00"
327,2024091804012572,NGPL,47,20,104,452.50,"47,060.00"
328,2024091804012571,NGPL,47,42,500,452.00,"226,000.00"
329,2024091804012570,NGPL,47,34,46,452.00,"20,792.00"
330,2024091804012569,NGPL,47,74,540,451.90,"244,026.00"
331,2024091804012412,NGPL,58,14,39,450.00,"17,550.00"
332,2024091804012401,NGPL,58,41,300,450.00,"135,000.00"
333,2024091804013037,NGPL,54,58,20,451.00,"9,020.00"
334,2024091804012666,NGPL,38,25,30,452.00,"13,560.00"
335,2024091804012615,NGPL,74,44,60,451.00,"27,060.00"
336,2024091804012575,NGPL,47,32,492,453.00,"222,876.00"
337,2024091804012574,NGPL,47,58,88,453.00,"39,864.00"
338,2024091804012573,NGPL,47,47,30,453.00,"13,590.00"
339,2024091804013171,NGPL,49,50,10,448.00,"4,480.00"
340,2024091804013064,NGPL,57,34,100,450.20,"45,020.00"
341,2024091804013063,NGPL,58,34,161,450.20,"72,482.20"
342,2024091804013062,NGPL,88,34,440,450.30,"198,132.00"
343,2024091804013040,NGPL,88,5,60,450.30,"27,018.00"
344,2024091804013039,NGPL,74,5,40,450.30,"18,012.00"
345,2024091804013210,NGPL,62,6,140,447.90,"62,706.00"
346,2024091804013209,NGPL,74,6,60,448.10,"26,886.00"
347,2024091804013178,NGPL,74,50,40,448.00,"17,920.00"
348,2024091804013174,NGPL,57,50,50,448.00,"22,400.00"
349,2024091804013173,NGPL,45,50,"1,000",448.00,"448,000.00"
350,2024091804013172,NGPL,88,50,500,448.00,"224,000.00"
351,2024091804013477,NGPL,95,49,10,446.60,"4,466.00"
352,2024091804013476,NGPL,16,49,100,446.70,"44,670.00"
353,2024091804013475,NGPL,44,49,35,447.00,"15,645.00"
354,2024091804013380,NGPL,62,4,10,447.90,"4,479.00"
355,2024091804013346,NGPL,62,6,300,447.90,"134,370.00"
356,2024091804013328,NGPL,62,57,200,447.90,"89,580.00"
357,2024091804013553,NGPL,53,49,150,446.50,"66,975.00"
358,2024091804013513,NGPL,64,34,"1,855",446.00,"827,330.00"
359,2024091804013512,NGPL,58,34,"1,000",446.00,"446,000.00"
360,2024091804013511,NGPL,45,34,200,446.10,"89,220.00"
361,2024091804013510,NGPL,51,34,945,446.50,"421,942.50"
362,2024091804013478,NGPL,51,49,155,446.50,"69,207.50"
363,2024091804013702,NGPL,64,34,"7,244",446.00,"3,230,824.00"
364,2024091804013701,NGPL,44,34,100,446.10,"44,610.00"
365,2024091804013700,NGPL,88,34,500,446.20,"223,100.00"
366,2024091804013699,NGPL,44,34,50,446.20,"22,310.00"
367,2024091804013698,NGPL,39,34,56,446.50,"25,004.00"
368,2024091804013697,NGPL,53,34,50,446.50,"22,325.00"
369,2024091804014053,NGPL,26,40,10,445.50,"4,455.00"
370,2024091804013848,NGPL,25,63,14,446.00,"6,244.00"
371,2024091804013847,NGPL,51,63,36,446.00,"16,056.00"
372,2024091804013764,NGPL,51,38,64,446.00,"28,544.00"
373,2024091804013763,NGPL,64,38,501,446.00,"223,446.00"
374,2024091804013754,NGPL,64,38,400,446.00,"178,400.00"
375,2024091804014187,NGPL,56,63,50,446.00,"22,300.00"
376,2024091804014164,NGPL,52,8,133,445.50,"59,251.50"
377,2024091804014145,NGPL,52,40,90,445.50,"40,095.00"
378,2024091804014094,NGPL,53,40,50,445.50,"22,275.00"
379,2024091804014062,NGPL,44,62,50,445.30,"22,265.00"
380,2024091804014061,NGPL,74,62,50,445.40,"22,270.00"
381,2024091804014421,NGPL,11,7,92,445.50,"40,986.00"
382,2024091804014420,NGPL,56,7,20,447.00,"8,940.00"
383,2024091804014419,NGPL,34,7,88,447.00,"39,336.00"
384,2024091804014201,NGPL,34,4,90,447.00,"40,230.00"
385,2024091804014200,NGPL,34,22,62,447.00,"27,714.00"
386,2024091804014199,NGPL,34,63,100,446.00,"44,600.00"
387,2024091804014601,NGPL,44,53,"1,600",445.30,"712,480.00"
388,2024091804014581,NGPL,44,8,65,445.30,"28,944.50"
389,2024091804014580,NGPL,29,8,100,445.40,"44,540.00"
390,2024091804014579,NGPL,58,8,500,445.40,"222,700.00"
391,2024091804014578,NGPL,11,8,58,445.50,"25,839.00"
392,2024091804014577,NGPL,52,8,177,447.00,"79,119.00"
393,2024091804014881,NGPL,52,45,150,445.40,"66,810.00"
394,2024091804014880,NGPL,16,45,50,445.40,"22,270.00"
395,2024091804014871,NGPL,16,92,10,445.40,"4,454.00"
396,2024091804014870,NGPL,16,56,200,445.40,"89,080.00"
397,2024091804014828,NGPL,16,40,240,445.40,"106,896.00"
398,2024091804014688,NGPL,44,44,20,445.30,"8,906.00"
399,2024091804015040,NGPL,58,45,83,447.50,"37,142.50"
400,2024091804015039,NGPL,58,70,88,447.50,"39,380.00"
401,2024091804015038,NGPL,58,22,100,447.40,"44,740.00"
402,2024091804015002,NGPL,88,32,388,446.10,"173,086.80"
403,2024091804014987,NGPL,88,41,30,446.10,"13,383.00"
404,2024091804014973,NGPL,60,57,"1,000",447.40,"447,400.00"
405,2024091804015451,NGPL,57,45,50,449.70,"22,485.00"
406,2024091804015326,NGPL,57,50,30,449.70,"13,491.00"
407,2024091804015300,NGPL,57,34,200,449.70,"89,940.00"
408,2024091804015296,NGPL,57,57,50,449.70,"22,485.00"
409,2024091804015042,NGPL,58,34,91,449.90,"40,940.90"
410,2024091804015041,NGPL,58,42,38,448.00,"17,024.00"
411,2024091804015562,NGPL,57,57,270,449.70,"121,419.00"
412,2024091804015561,NGPL,35,57,200,449.90,"89,980.00"
413,2024091804015541,NGPL,55,45,40,450.00,"18,000.00"
414,2024091804015540,NGPL,55,58,10,450.00,"4,500.00"
415,2024091804015506,NGPL,88,34,291,450.00,"130,950.00"
416,2024091804015505,NGPL,88,34,209,449.90,"94,029.10"
417,2024091804015576,NGPL,62,45,100,450.00,"45,000.00"
418,2024091804015567,NGPL,62,1,200,450.00,"90,000.00"
419,2024091804015566,NGPL,62,49,550,450.00,"247,500.00"
420,2024091804015565,NGPL,62,17,10,450.00,"4,500.00"
421,2024091804015564,NGPL,62,45,10,450.00,"4,500.00"
422,2024091804015563,NGPL,4,57,30,449.70,"13,491.00"
423,2024091804015741,NGPL,41,70,33,450.90,"14,879.70"
424,2024091804015663,NGPL,60,58,"1,800",451.00,"811,800.00"
425,2024091804015662,NGPL,60,8,200,451.00,"90,200.00"
426,2024091804015640,NGPL,41,40,100,450.20,"45,020.00"
427,2024091804015634,NGPL,35,40,200,450.20,"90,040.00"
428,2024091804015580,NGPL,41,40,200,450.20,"90,040.00"
429,2024091804015945,NGPL,46,34,150,450.20,"67,530.00"
430,2024091804015944,NGPL,56,34,122,450.30,"54,936.60"
431,2024091804015886,NGPL,56,34,108,450.30,"48,632.40"
432,2024091804015879,NGPL,14,58,300,451.00,"135,300.00"
433,2024091804015821,NGPL,58,58,21,451.00,"9,471.00"
434,2024091804015820,NGPL,58,70,29,450.90,"13,076.10"
435,2024091804016218,NGPL,45,45,116,447.00,"51,852.00"
436,2024091804016185,NGPL,95,45,"1,000",447.00,"447,000.00"
437,2024091804016184,NGPL,68,45,150,447.00,"67,050.00"
438,2024091804016183,NGPL,58,45,100,447.00,"44,700.00"
439,2024091804016049,NGPL,4,4,20,449.70,"8,994.00"
440,2024091804015946,NGPL,62,34,130,450.00,"58,500.00"
441,2024091804016563,NGPL,45,45,285,447.00,"127,395.00"
442,2024091804016535,NGPL,45,45,599,447.00,"267,753.00"
443,2024091804016534,NGPL,34,45,320,447.10,"143,072.00"
444,2024091804016533,NGPL,6,45,200,447.20,"89,440.00"
445,2024091804016449,NGPL,6,57,200,447.20,"89,440.00"
446,2024091804016425,NGPL,34,4,180,447.10,"80,478.00"
447,2024091804016845,NGPL,44,16,300,449.50,"134,850.00"
448,2024091804016844,NGPL,44,16,20,449.50,"8,990.00"
449,2024091804016761,NGPL,67,11,157,448.00,"70,336.00"
450,2024091804016698,NGPL,67,3,20,448.00,"8,960.00"
451,2024091804016635,NGPL,46,41,20,447.00,"8,940.00"
452,2024091804016564,NGPL,46,45,215,447.00,"96,105.00"
453,2024091804016851,NGPL,44,58,500,450.00,"225,000.00"
454,2024091804016850,NGPL,44,56,250,450.00,"112,500.00"
455,2024091804016849,NGPL,44,34,900,450.00,"405,000.00"
456,2024091804016848,NGPL,44,34,98,450.00,"44,100.00"
457,2024091804016847,NGPL,44,3,100,449.90,"44,990.00"
458,2024091804016846,NGPL,44,70,50,449.60,"22,480.00"
459,2024091804016872,NGPL,34,92,500,446.60,"223,300.00"
460,2024091804016871,NGPL,56,92,100,446.70,"44,670.00"
461,2024091804016870,NGPL,32,92,50,446.70,"22,335.00"
462,2024091804016869,NGPL,67,92,23,448.00,"10,304.00"
463,2024091804016853,NGPL,44,34,60,450.00,"27,000.00"
464,2024091804016852,NGPL,44,58,987,450.00,"444,150.00"
465,2024091804017037,NGPL,88,4,200,445.50,"89,100.00"
466,2024091804016998,NGPL,16,13,59,445.40,"26,278.60"
467,2024091804016997,NGPL,52,13,350,445.40,"155,890.00"
468,2024091804016996,NGPL,54,13,100,445.50,"44,550.00"
469,2024091804016874,NGPL,58,92,10,446.00,"4,460.00"
470,2024091804016873,NGPL,88,92,500,446.50,"223,250.00"
471,2024091804017275,NGPL,56,40,50,446.00,"22,300.00"
472,2024091804017274,NGPL,58,40,83,446.00,"37,018.00"
473,2024091804017132,NGPL,58,45,100,446.00,"44,600.00"
474,2024091804017131,NGPL,58,92,17,446.00,"7,582.00"
475,2024091804017064,NGPL,16,56,342,445.40,"152,326.80"
476,2024091804017063,NGPL,88,56,300,445.50,"133,650.00"
477,2024091804017619,NGPL,38,42,500,446.00,"223,000.00"
478,2024091804017571,NGPL,35,32,50,446.10,"22,305.00"
479,2024091804017563,NGPL,38,32,500,446.10,"223,050.00"
480,2024091804017562,NGPL,11,32,108,446.10,"48,178.80"
481,2024091804017561,NGPL,6,32,200,446.10,"89,220.00"
482,2024091804017276,NGPL,11,40,117,446.00,"52,182.00"
483,2024091804017915,NGPL,45,41,20,446.00,"8,920.00"
484,2024091804017896,NGPL,16,32,92,446.10,"41,041.20"
485,2024091804017775,NGPL,74,32,50,446.10,"22,305.00"
486,2024091804017738,NGPL,45,40,250,446.00,"111,500.00"
487,2024091804017712,NGPL,45,49,50,446.00,"22,300.00"
488,2024091804017699,NGPL,45,70,250,446.00,"111,500.00"
489,2024091804018179,NGPL,58,41,250,447.00,"111,750.00"
490,2024091804017972,NGPL,58,49,450,448.00,"201,600.00"
491,2024091804017971,NGPL,58,34,140,447.00,"62,580.00"
492,2024091804017970,NGPL,58,34,200,447.00,"89,400.00"
493,2024091804017969,NGPL,58,25,10,447.00,"4,470.00"
494,2024091804017968,NGPL,58,32,200,446.10,"89,220.00"
495,2024091804018279,NGPL,46,34,30,446.10,"13,383.00"
496,2024091804018184,NGPL,58,34,180,449.00,"80,820.00"
497,2024091804018183,NGPL,58,25,100,449.00,"44,900.00"
498,2024091804018182,NGPL,58,91,300,448.90,"134,670.00"
499,2024091804018181,NGPL,58,49,50,448.00,"22,400.00"
500,2024091804018180,NGPL,58,74,120,447.90,"53,748.00"
501,2024091804005836,NGPL,75,90,100,453.90,"45,390.00"
502,2024091804005835,NGPL,75,90,100,453.90,"45,390.00"
503,2024091804005834,NGPL,75,6,60,453.90,"27,234.00"
504,2024091804005833,NGPL,75,17,100,453.90,"45,390.00"
505,2024091804005832,NGPL,75,14,20,453.80,"9,076.00"
506,2024091804005798,NGPL,47,90,100,453.00,"45,300.00"
507,2024091804000081,NGPL,53,26,50,445.00,"22,250.00"
508,2024091804000296,NGPL,59,34,100,438.10,"43,810.00"
509,2024091804000295,NGPL,16,34,100,438.10,"43,810.00"
510,2024091804000294,NGPL,80,34,500,438.50,"219,250.00"
511,2024091804000293,NGPL,80,34,500,438.50,"219,250.00"
512,2024091804000292,NGPL,4,34,"2,000",438.60,"877,200.00"
513,2024091804000291,NGPL,28,34,100,439.00,"43,900.00"
514,2024091804000302,NGPL,48,34,500,437.00,"218,500.00"
515,2024091804000301,NGPL,13,34,100,437.10,"43,710.00"
516,2024091804000300,NGPL,44,34,"1,000",437.10,"437,100.00"
517,2024091804000299,NGPL,67,34,"1,000",437.30,"437,300.00"
518,2024091804000298,NGPL,42,34,100,438.00,"43,800.00"
519,2024091804000297,NGPL,44,34,"2,000",438.00,"876,000.00"
520,2024091804000329,NGPL,41,58,50,436.10,"21,805.00"
521,2024091804000307,NGPL,41,34,823,436.10,"358,910.30"
522,2024091804000306,NGPL,74,34,500,436.10,"218,050.00"
523,2024091804000305,NGPL,54,34,167,437.00,"72,979.00"
524,2024091804000304,NGPL,29,34,10,437.00,"4,370.00"
525,2024091804000303,NGPL,55,34,500,437.00,"218,500.00"
526,2024091804000545,NGPL,34,58,100,437.00,"43,700.00"
527,2024091804000470,NGPL,44,4,194,435.30,"84,448.20"
528,2024091804000469,NGPL,46,4,20,436.10,"8,722.00"
529,2024091804000468,NGPL,16,4,100,436.20,"43,620.00"
530,2024091804000409,NGPL,35,11,10,444.00,"4,440.00"
531,2024091804000383,NGPL,41,13,125,436.10,"54,512.50"
532,2024091804000888,NGPL,34,48,73,437.00,"31,901.00"
533,2024091804000880,NGPL,34,52,150,437.00,"65,550.00"
534,2024091804000849,NGPL,34,52,100,437.00,"43,700.00"
535,2024091804000739,NGPL,34,14,50,437.00,"21,850.00"
536,2024091804000642,NGPL,34,38,377,437.00,"164,749.00"
537,2024091804000611,NGPL,34,57,150,437.00,"65,550.00"
538,2024091804001349,NGPL,36,34,30,436.40,"13,092.00"
539,2024091804001323,NGPL,44,34,"5,000",436.50,"2,182,500.00"
540,2024091804001322,NGPL,101,34,"1,000",436.60,"436,600.00"
541,2024091804001074,NGPL,43,5,25,436.00,"10,900.00"
542,2024091804001002,NGPL,38,57,60,439.00,"26,340.00"
543,2024091804000909,NGPL,53,48,27,437.00,"11,799.00"
544,2024091804001372,NGPL,43,17,15,436.00,"6,540.00"
545,2024091804001371,NGPL,91,17,176,436.10,"76,753.60"
546,2024091804001368,NGPL,91,45,24,436.10,"10,466.40"
547,2024091804001367,NGPL,16,45,230,436.10,"100,303.00"
548,2024091804001351,NGPL,16,34,70,436.10,"30,527.00"
549,2024091804001350,NGPL,44,34,200,436.30,"87,260.00"
550,2024091804001438,NGPL,35,34,"2,000",436.20,"872,400.00"
551,2024091804001408,NGPL,94,17,298,435.50,"129,779.00"
552,2024091804001406,NGPL,4,17,"1,000",435.50,"435,500.00"
553,2024091804001375,NGPL,49,17,11,436.00,"4,796.00"
554,2024091804001374,NGPL,40,17,100,436.00,"43,600.00"
555,2024091804001373,NGPL,67,17,500,436.00,"218,000.00"
556,2024091804001596,NGPL,45,45,413,439.00,"181,307.00"
557,2024091804001595,NGPL,45,58,157,439.00,"68,923.00"
558,2024091804001594,NGPL,45,57,430,439.00,"188,770.00"
559,2024091804001557,NGPL,35,57,10,439.00,"4,390.00"
560,2024091804001440,NGPL,44,34,"2,400",436.10,"1,046,640.00"
561,2024091804001439,NGPL,6,34,600,436.20,"261,720.00"
562,2024091804001861,NGPL,44,51,10,440.00,"4,400.00"
563,2024091804001846,NGPL,44,16,100,438.00,"43,800.00"
564,2024091804001753,NGPL,35,51,10,440.00,"4,400.00"
565,2024091804001631,NGPL,45,57,90,439.00,"39,510.00"
566,2024091804001630,NGPL,45,42,200,439.00,"87,800.00"
567,2024091804001629,NGPL,45,45,587,439.00,"257,693.00"
568,2024091804001938,NGPL,20,45,990,443.00,"438,570.00"
569,2024091804001937,NGPL,20,26,100,442.90,"44,290.00"
570,2024091804001923,NGPL,35,45,10,443.00,"4,430.00"
571,2024091804001864,NGPL,44,45,261,440.00,"114,840.00"
572,2024091804001863,NGPL,44,38,130,440.00,"57,200.00"
573,2024091804001862,NGPL,44,58,300,440.00,"132,000.00"
574,2024091804001944,NGPL,20,55,300,444.00,"133,200.00"
575,2024091804001943,NGPL,20,45,50,444.00,"22,200.00"
576,2024091804001942,NGPL,20,58,255,444.00,"113,220.00"
577,2024091804001941,NGPL,20,48,100,444.00,"44,400.00"
578,2024091804001940,NGPL,20,55,300,443.00,"132,900.00"
579,2024091804001939,NGPL,20,45,100,443.00,"44,300.00"
580,2024091804002365,NGPL,20,49,45,445.00,"20,025.00"
581,2024091804002185,NGPL,20,59,200,445.00,"89,000.00"
582,2024091804002041,NGPL,35,17,10,446.70,"4,467.00"
583,2024091804001947,NGPL,20,58,10,445.00,"4,450.00"
584,2024091804001946,NGPL,20,26,50,445.00,"22,250.00"
585,2024091804001945,NGPL,20,34,500,444.80,"222,400.00"
586,2024091804002737,NGPL,88,34,100,441.10,"44,110.00"
587,2024091804002717,NGPL,35,58,10,445.00,"4,450.00"
588,2024091804002637,NGPL,88,47,500,441.10,"220,550.00"
589,2024091804002636,NGPL,44,47,100,441.20,"44,120.00"
590,2024091804002442,NGPL,35,57,10,446.60,"4,466.00"
591,2024091804002411,NGPL,88,49,246,445.00,"109,470.00"
592,2024091804002905,NGPL,44,34,"2,900",438.00,"1,270,200.00"
593,2024091804002904,NGPL,45,34,100,440.00,"44,000.00"
594,2024091804002903,NGPL,49,34,20,440.00,"8,800.00"
595,2024091804002902,NGPL,88,34,385,441.10,"169,823.50"
596,2024091804002771,NGPL,35,58,10,445.00,"4,450.00"
597,2024091804002752,NGPL,88,59,15,441.10,"6,616.50"
598,2024091804003517,NGPL,44,34,"2,000",439.00,"878,000.00"
599,2024091804003300,NGPL,88,51,10,440.00,"4,400.00"
600,2024091804003299,NGPL,88,19,490,440.00,"215,600.00"
601,2024091804003121,NGPL,35,19,10,440.00,"4,400.00"
602,2024091804003101,NGPL,88,44,300,436.20,"130,860.00"
603,2024091804003046,NGPL,88,34,595,438.00,"260,610.00"
604,2024091804003856,NGPL,42,3,73,440.00,"32,120.00"
605,2024091804003714,NGPL,42,57,327,440.00,"143,880.00"
606,2024091804003713,NGPL,42,17,100,439.50,"43,950.00"
607,2024091804003619,NGPL,5,51,90,439.00,"39,510.00"
608,2024091804003590,NGPL,44,32,377,438.20,"165,201.40"
609,2024091804003561,NGPL,44,32,26,438.20,"11,393.20"
610,2024091804003986,NGPL,44,58,80,445.00,"35,600.00"
611,2024091804003985,NGPL,44,13,300,444.00,"133,200.00"
612,2024091804003984,NGPL,44,51,100,444.00,"44,400.00"
613,2024091804003983,NGPL,44,21,194,444.00,"86,136.00"
614,2024091804003889,NGPL,35,21,10,444.00,"4,440.00"
615,2024091804003857,NGPL,58,3,727,440.00,"319,880.00"
616,2024091804003996,NGPL,88,29,200,445.00,"89,000.00"
617,2024091804003995,NGPL,88,16,274,445.00,"121,930.00"
618,2024091804003990,NGPL,44,16,226,445.00,"100,570.00"
619,2024091804003989,NGPL,44,52,100,445.00,"44,500.00"
620,2024091804003988,NGPL,44,35,500,445.00,"222,500.00"
621,2024091804003987,NGPL,44,55,900,445.00,"400,500.00"
622,2024091804004362,NGPL,89,67,480,444.00,"213,120.00"
623,2024091804004334,NGPL,89,34,20,444.00,"8,880.00"
624,2024091804004333,NGPL,16,34,980,444.10,"435,218.00"
625,2024091804004326,NGPL,16,34,20,444.10,"8,882.00"
626,2024091804004129,NGPL,35,42,10,445.80,"4,458.00"
627,2024091804004070,NGPL,49,40,200,445.00,"89,000.00"
628,2024091804004763,NGPL,47,58,930,444.00,"412,920.00"
629,2024091804004552,NGPL,35,32,10,445.00,"4,450.00"
630,2024091804004519,NGPL,57,58,100,442.00,"44,200.00"
631,2024091804004485,NGPL,35,32,10,445.00,"4,450.00"
632,2024091804004467,NGPL,57,42,10,442.00,"4,420.00"
633,2024091804004438,NGPL,57,29,500,442.00,"221,000.00"
634,2024091804004834,NGPL,58,57,10,445.60,"4,456.00"
635,2024091804004832,NGPL,16,21,300,445.10,"133,530.00"
636,2024091804004828,NGPL,16,6,50,445.10,"22,255.00"
637,2024091804004787,NGPL,58,35,"1,630",444.00,"723,720.00"
638,2024091804004768,NGPL,47,35,570,444.00,"253,080.00"
639,2024091804004765,NGPL,47,49,"1,000",444.00,"444,000.00"
640,2024091804004850,NGPL,58,51,900,447.00,"402,300.00"
641,2024091804004839,NGPL,58,51,125,447.00,"55,875.00"
642,2024091804004838,NGPL,58,17,90,446.70,"40,203.00"
643,2024091804004837,NGPL,58,22,100,445.90,"44,590.00"
644,2024091804004836,NGPL,58,57,10,445.80,"4,458.00"
645,2024091804004835,NGPL,58,57,10,445.70,"4,457.00"
646,2024091804004924,NGPL,87,57,"1,000",447.00,"447,000.00"
647,2024091804004906,NGPL,38,45,345,447.00,"154,215.00"
648,2024091804004887,NGPL,58,45,"1,655",447.00,"739,785.00"
649,2024091804004881,NGPL,58,34,"7,000",447.00,"3,129,000.00"
650,2024091804004880,NGPL,16,34,"1,000",447.50,"447,500.00"
651,2024091804004866,NGPL,58,67,100,447.00,"44,700.00"
652,2024091804005226,NGPL,88,21,500,445.10,"222,550.00"
653,2024091804005191,NGPL,16,11,150,445.10,"66,765.00"
654,2024091804005129,NGPL,16,17,350,445.10,"155,785.00"
655,2024091804005128,NGPL,16,17,350,445.10,"155,785.00"
656,2024091804005121,NGPL,16,11,300,445.10,"133,530.00"
657,2024091804004999,NGPL,38,58,15,446.00,"6,690.00"
658,2024091804005313,NGPL,57,13,261,446.00,"116,406.00"
659,2024091804005312,NGPL,57,41,38,446.00,"16,948.00"
660,2024091804005311,NGPL,57,58,85,446.00,"37,910.00"
661,2024091804005310,NGPL,57,57,100,445.90,"44,590.00"
662,2024091804005309,NGPL,57,29,100,445.50,"44,550.00"
663,2024091804005286,NGPL,88,57,100,445.10,"44,510.00"
664,2024091804005319,NGPL,57,58,19,447.60,"8,504.40"
665,2024091804005318,NGPL,57,42,10,447.60,"4,476.00"
666,2024091804005317,NGPL,57,19,100,447.00,"44,700.00"
667,2024091804005316,NGPL,57,45,100,447.00,"44,700.00"
668,2024091804005315,NGPL,57,57,90,446.90,"40,221.00"
669,2024091804005314,NGPL,57,71,10,446.80,"4,468.00"
670,2024091804005346,NGPL,57,53,250,448.00,"112,000.00"
671,2024091804005345,NGPL,57,38,276,448.00,"123,648.00"
672,2024091804005344,NGPL,57,4,300,447.90,"134,370.00"
673,2024091804005343,NGPL,57,90,100,447.70,"44,770.00"
674,2024091804005342,NGPL,57,67,13,447.70,"5,820.10"
675,2024091804005320,NGPL,57,67,87,447.70,"38,949.90"
676,2024091804005407,NGPL,58,90,200,450.00,"90,000.00"
677,2024091804005406,NGPL,58,34,289,449.00,"129,761.00"
678,2024091804005396,NGPL,64,34,711,449.00,"319,239.00"
679,2024091804005395,NGPL,64,90,200,449.00,"89,800.00"
680,2024091804005394,NGPL,64,62,89,448.00,"39,872.00"
681,2024091804005347,NGPL,57,62,61,448.00,"27,328.00"
682,2024091804005674,NGPL,75,55,10,449.00,"4,490.00"
683,2024091804005412,NGPL,58,47,134,450.00,"60,300.00"
684,2024091804005411,NGPL,58,13,200,450.00,"90,000.00"
685,2024091804005410,NGPL,58,38,117,450.00,"52,650.00"
686,2024091804005409,NGPL,58,49,50,450.00,"22,500.00"
687,2024091804005408,NGPL,58,25,10,450.00,"4,500.00"
688,2024091804005680,NGPL,75,54,100,450.00,"45,000.00"
689,2024091804005679,NGPL,75,42,466,450.00,"209,700.00"
690,2024091804005678,NGPL,75,47,300,450.00,"135,000.00"
691,2024091804005677,NGPL,75,45,100,450.00,"45,000.00"
692,2024091804005676,NGPL,75,36,500,450.00,"225,000.00"
693,2024091804005675,NGPL,75,47,51,450.00,"22,950.00"
694,2024091804005712,NGPL,88,35,200,452.00,"90,400.00"
695,2024091804005702,NGPL,7,26,200,452.00,"90,400.00"
696,2024091804005701,NGPL,7,90,100,451.90,"45,190.00"
697,2024091804005700,NGPL,7,98,400,451.90,"180,760.00"
698,2024091804005699,NGPL,7,6,100,451.00,"45,100.00"
699,2024091804005693,NGPL,75,41,650,450.00,"292,500.00"
700,2024091804005737,NGPL,56,29,50,453.00,"22,650.00"
701,2024091804005736,NGPL,56,90,500,453.00,"226,500.00"
702,2024091804005716,NGPL,88,90,100,452.00,"45,200.00"
703,2024091804005715,NGPL,88,28,200,452.00,"90,400.00"
704,2024091804005714,NGPL,88,25,100,452.00,"45,200.00"
705,2024091804005713,NGPL,88,29,50,452.00,"22,600.00"
706,2024091804005796,NGPL,95,14,500,453.80,"226,900.00"
707,2024091804005795,NGPL,58,67,100,453.70,"45,370.00"
708,2024091804005789,NGPL,47,57,260,453.00,"117,780.00"
709,2024091804005743,NGPL,49,14,480,453.80,"217,824.00"
710,2024091804005742,NGPL,49,3,10,453.70,"4,537.00"
711,2024091804005741,NGPL,49,3,10,453.60,"4,536.00"
