Stock A,Stock B,Best Rolling Window,Z Entry Threshold A,Z Entry Threshold B,Z Exit Threshold,Stop Loss Threshold,Final Cumulative Returns,Final Sharpe Ratio,Final Sortino Ratio,Final Max Drawdown,Total Trades,Win Rate,Profit Factor,Average Profit,Average Loss,Hedge Ratio,Timestep 1,Timestep 2,Timestep 3,Timestep 4,Timestep 5,Timestep 6,Timestep 7,Timestep 8,Timestep 9,Timestep 10,Timestep 11,Timestep 12,Timestep 13,Timestep 14,Timestep 15,Timestep 16,Timestep 17,Timestep 18,Timestep 19,Timestep 20,Timestep 21,Timestep 22,Timestep 23,Timestep 24,Timestep 25,Timestep 26,Timestep 27,Timestep 28,Timestep 29,Timestep 30,Timestep 31,Timestep 32,Timestep 33,Timestep 34,Timestep 35,Timestep 36,Timestep 37,Timestep 38,Timestep 39,Timestep 40,Timestep 41,Timestep 42,Timestep 43,Timestep 44,Timestep 45,Timestep 46,Timestep 47,Timestep 48,Timestep 49,Timestep 50,Timestep 51,Timestep 52,Timestep 53,Timestep 54,Timestep 55,Timestep 56,Timestep 57,Timestep 58,Timestep 59,Timestep 60,Timestep 61,Timestep 62,Timestep 63,Timestep 64,Timestep 65,Timestep 66,Timestep 67,Timestep 68,Timestep 69,Timestep 70,Timestep 71,Timestep 72,Timestep 73,Timestep 74,Timestep 75,Timestep 76,Timestep 77,Timestep 78,Timestep 79,Timestep 80,Timestep 81,Timestep 82,Timestep 83,Timestep 84,Timestep 85,Timestep 86,Timestep 87,Timestep 88,Timestep 89,Timestep 90,Timestep 91,Timestep 92,Timestep 93,Timestep 94,Timestep 95,Timestep 96,Timestep 97,Timestep 98,Timestep 99,Timestep 100,Timestep 101,Timestep 102,Timestep 103,Timestep 104,Timestep 105,Timestep 106,Timestep 107,Timestep 108,Timestep 109,Timestep 110,Timestep 111,Timestep 112,Timestep 113,Timestep 114,Timestep 115,Timestep 116,Timestep 117,Timestep 118,Timestep 119,Timestep 120,Timestep 121,Timestep 122,Timestep 123,Timestep 124,Timestep 125
HEI,NLG,5.0,-1.28117280151649,2.58333528418287,0.17558475029479137,0.1,12027.006880747062,2.4623514102622437,2.0132428326623173,0.0073445428033865005,9,0.5555555555555556,4.67815726083965,27.189449999999994,7.264999999999986,0.699070154486737,10000.0,10000.0,10000.0,10000.0,10000.0,10000.0,10000.0,10000.0,10000.0,10000.0,10000.0,10000.0,10000.0,10000.0,10000.0,10479.357734622661,10468.878376888038,10468.878376888038,10468.878376888038,10468.878376888038,11203.14728131902,11191.9441340377,11191.9441340377,11191.9441340377,11191.9441340377,11191.9441340377,11191.9441340377,11191.9441340377,11191.9441340377,11191.9441340377,11191.9441340377,11191.9441340377,11191.9441340377,11191.9441340377,11191.9441340377,11191.9441340377,11191.9441340377,11191.9441340377,11191.9441340377,11191.9441340377,11277.01967132374,11265.742651652417,11265.742651652417,11265.742651652417,11265.742651652417,11265.742651652417,11254.476909000765,11243.222432091765,11243.222432091765,11243.222432091765,11243.222432091765,11243.222432091765,11243.222432091765,11243.222432091765,11243.222432091765,11243.222432091765,11243.222432091765,11243.222432091765,11243.222432091765,11468.95926355701,11457.490304293455,11457.490304293455,11457.490304293455,11457.490304293455,11457.490304293455,11457.490304293455,11457.490304293455,11457.490304293455,11457.490304293455,11457.490304293455,11457.490304293455,11493.33548512028,11481.84214963516,11481.84214963516,11481.84214963516,11481.84214963516,11481.84214963516,11481.84214963516,11481.84214963516,11481.84214963516,11481.84214963516,11481.84214963516,11481.84214963516,11481.84214963516,11481.84214963516,11481.84214963516,11497.233449791582,11485.736216341791,11485.736216341791,11485.736216341791,11485.736216341791,11485.736216341791,11485.736216341791,11835.913805747972,11760.745175359822,11748.984430184462,11748.984430184462,11748.984430184462,11748.984430184462,11748.984430184462,11748.984430184462,11748.984430184462,11748.984430184462,11748.984430184462,11748.984430184462,11748.984430184462,11748.984430184462,11748.984430184462,11748.984430184462,11748.984430184462,11748.984430184462,12039.045926673734,12027.006880747062,12027.006880747062,12027.006880747062,12027.006880747062,12027.006880747062,12027.006880747062,12027.006880747062,12027.006880747062,12027.006880747062,12027.006880747062,12027.006880747062,12027.006880747062,12027.006880747062
KLBSL,NICL,6.0,-1.0197177833128552,2.064974317644653,-0.4679942411381388,0.05,17691.28607039702,4.208413764707963,0.9568874950572016,0.045952684652172913,21,0.7619047619047619,4.24850996418404,28.913765625000003,21.778,1.3169619722924595,10000.0,10000.0,10000.0,10000.0,10000.0,10000.0,10000.0,10000.0,10610.121116302707,10654.902105992234,10644.247203886242,10644.247203886242,10644.247203886242,10909.961723214934,10899.051761491719,10899.051761491719,10899.051761491719,10899.051761491719,10899.051761491719,10899.051761491719,10899.051761491719,10899.051761491719,10899.051761491719,10899.051761491719,10899.051761491719,10899.051761491719,11089.475776183926,11255.910739931931,11244.654829192,11244.654829192,11233.410174362807,11222.176764188445,11222.176764188445,11222.176764188445,11222.176764188445,11124.029514663813,11112.90548514915,11112.90548514915,11112.90548514915,11112.90548514915,10749.420844070904,10738.671423226833,10738.671423226833,10738.671423226833,10738.671423226833,11158.476069857064,11147.317593787207,11147.317593787207,11147.317593787207,11147.317593787207,11147.317593787207,11147.317593787207,11147.317593787207,11057.716545256813,11113.975833308767,11102.861857475458,11102.861857475458,11638.790557081675,12013.66407805048,12415.168910398224,12300.429384828833,12288.128955444005,12288.128955444005,13212.135227145296,13464.445232481077,13450.980787248596,13450.980787248596,13450.980787248596,13450.980787248596,13450.980787248596,13450.980787248596,13450.980787248596,13450.980787248596,13450.980787248596,13450.980787248596,13450.980787248596,13415.333468528594,13401.918135060065,13401.918135060065,13401.918135060065,13401.918135060065,13401.918135060065,13633.809227716456,14141.20079466167,14064.819070641526,14050.754251570885,14050.754251570885,14050.754251570885,14050.754251570885,14050.754251570885,14050.754251570885,14188.877731090837,14174.688853359745,14174.688853359745,14174.688853359745,14174.688853359745,14174.688853359745,14739.072893214949,14969.69603377937,14954.72633774559,14954.72633774559,14954.72633774559,14954.72633774559,15066.50658037179,14909.764268216326,15625.43295309071,15594.18208718453,15578.587905097345,16559.455657455885,16089.283664272638,16073.194380608364,16073.194380608364,16073.194380608364,16233.024818300077,16216.791793481778,16216.791793481778,16216.791793481778,16216.791793481778,16216.791793481778,17822.25418103647,17708.99506546248,17691.28607039702,17691.28607039702,17691.28607039702,17691.28607039702
KLBSL,SMB,12.0,-1.3189642579570413,1.7020995090042856,0.41017802825049854,0.15000000000000002,14531.040324687834,2.723504643191685,0.6196334708696413,0.04040395347132778,11,0.7272727272727273,2.5878706261510156,35.13034375000001,36.19999999999997,0.7740350252140873,10000.0,10000.0,10000.0,10000.0,10000.0,10000.0,10000.0,10000.0,10000.0,10000.0,10000.0,10000.0,10000.0,10000.0,10000.0,10000.0,10000.0,10000.0,10000.0,10000.0,10098.508959242412,10088.410450283169,10088.410450283169,10088.410450283169,10088.410450283169,10088.410450283169,10088.410450283169,10088.410450283169,10088.410450283169,10088.410450283169,10088.410450283169,10088.410450283169,10212.341000324559,10986.740641184922,11383.558727971718,10923.617950788623,11930.927576426504,11918.996648850078,11918.996648850078,11918.996648850078,11918.996648850078,11997.025070514519,11985.028045444005,11985.028045444005,11985.028045444005,11985.028045444005,11985.028045444005,11985.028045444005,11985.028045444005,11985.028045444005,11985.028045444005,11985.028045444005,11985.028045444005,11985.028045444005,11985.028045444005,11985.028045444005,11985.028045444005,11985.028045444005,11985.028045444005,11985.028045444005,12705.422942280864,12692.717519338583,12692.717519338583,13647.146841762466,13633.499694920703,13633.499694920703,13633.499694920703,13633.499694920703,13633.499694920703,13633.499694920703,13633.499694920703,13633.499694920703,13633.499694920703,13633.499694920703,13633.499694920703,13633.499694920703,13633.499694920703,13633.499694920703,13633.499694920703,13633.499694920703,13633.499694920703,13633.499694920703,13633.499694920703,13619.866195225783,13333.012409448675,13319.679397039226,13570.395840202968,13556.825444362763,13556.825444362763,13556.825444362763,13556.825444362763,13556.825444362763,13556.825444362763,13556.825444362763,13556.825444362763,13556.825444362763,13556.825444362763,13556.825444362763,13556.825444362763,13556.825444362763,13556.825444362763,13556.825444362763,13556.825444362763,13556.825444362763,13556.825444362763,13556.825444362763,13248.540542907273,13235.292002364366,13235.292002364366,13235.292002364366,13235.292002364366,13235.292002364366,13235.292002364366,13235.292002364366,13235.292002364366,13235.292002364366,13235.292002364366,13235.292002364366,13235.292002364366,14545.585910598433,14531.040324687834,14531.040324687834,14531.040324687834,14531.040324687834,14531.040324687834
FOWAD,SMB,25.0,-1.2875667325741147,1.0247930394480487,-0.10622124325726623,0.05,11470.387732932497,2.1868623041904156,0.4469640507450982,0.024299623242152738,8,0.625,1.7751381987577641,57.15945000000001,80.5,1.6803742012358858,10000.0,10000.0,10000.0,10000.0,10000.0,10000.0,10000.0,10000.0,10000.0,10000.0,10000.0,10000.0,10000.0,10000.0,10000.0,10000.0,10000.0,10000.0,10000.0,10000.0,10000.0,10000.0,10000.0,10000.0,10000.0,10000.0,10000.0,10000.0,10000.0,10000.0,10000.0,10000.0,10000.0,10000.0,10371.179079170472,10360.807900091302,10360.807900091302,10360.807900091302,10360.807900091302,10360.807900091302,10360.807900091302,10360.807900091302,10360.807900091302,10360.807900091302,10360.807900091302,10605.50357409632,10594.898070522222,10594.898070522222,10594.898070522222,10594.898070522222,10594.898070522222,10661.525461595449,10650.863936133854,10650.863936133854,10650.863936133854,10650.863936133854,10650.863936133854,10650.863936133854,10650.863936133854,10650.863936133854,10650.863936133854,10650.863936133854,10650.863936133854,11155.577456204197,11144.421878747995,11144.421878747995,11144.421878747995,11144.421878747995,11144.421878747995,11349.161848572148,11337.812686723577,11337.812686723577,11337.812686723577,11337.812686723577,11337.812686723577,11337.812686723577,11337.812686723577,11337.812686723577,11337.812686723577,11337.812686723577,11337.812686723577,11337.812686723577,11337.812686723577,11337.812686723577,11542.589736396567,11531.04714666017,11531.04714666017,11531.04714666017,11531.04714666017,11273.382537100493,11262.109154563394,11262.109154563394,11262.109154563394,11262.109154563394,11262.109154563394,11262.109154563394,11262.109154563394,11262.109154563394,11262.109154563394,11262.109154563394,11262.109154563394,11262.109154563394,11262.109154563394,11262.109154563394,11262.109154563394,11262.109154563394,11262.109154563394,11262.109154563394,11262.109154563394,11262.109154563394,11262.109154563394,11481.869602535031,11470.387732932497,11470.387732932497,11470.387732932497,11470.387732932497,11470.387732932497,11470.387732932497,11470.387732932497,11470.387732932497,11470.387732932497,11470.387732932497,11470.387732932497,11470.387732932497,11470.387732932497
HEI,PRIN,9.0,-1.1251638472374883,1.1847316012995148,0.38749757777843785,0.05,12576.218665828637,2.332168663719791,0.3296384950732819,0.046986734470808054,17,0.7058823529411765,1.8569985383887901,17.99895833333335,29.0775,0.8440595968936683,10000.0,10000.0,10000.0,10000.0,10000.0,10000.0,10000.0,10000.0,10000.0,10000.0,10554.309376350282,10543.755066973932,10543.755066973932,10543.755066973932,10543.755066973932,11049.178121306013,11038.128943184709,11038.128943184709,11038.128943184709,11038.128943184709,11038.128943184709,11038.128943184709,11038.128943184709,11038.128943184709,11038.128943184709,11038.128943184709,11038.128943184709,11038.128943184709,11038.128943184709,11038.128943184709,11038.128943184709,11038.128943184709,11038.128943184709,11038.128943184709,11038.128943184709,11038.128943184709,11464.783658794662,11453.318875135867,11453.318875135867,11453.318875135867,11453.318875135867,11453.318875135867,11453.318875135867,11453.318875135867,11453.318875135867,11453.318875135867,11441.865556260731,11430.42369070447,11430.42369070447,11165.52565544823,11154.360129792782,11154.360129792782,11711.54130603331,11699.829764727276,11699.829764727276,11699.829764727276,11699.829764727276,11699.829764727276,11699.829764727276,11699.829764727276,11761.104489282468,11749.343384793185,11749.343384793185,11934.719419583984,11922.784700164399,11922.784700164399,11922.784700164399,11936.209879836193,11924.273669956356,11924.273669956356,11924.273669956356,11924.273669956356,11924.273669956356,12574.91698981013,12562.34207282032,12562.34207282032,12562.34207282032,12562.34207282032,12562.34207282032,12562.34207282032,12562.34207282032,12562.34207282032,12562.34207282032,12562.34207282032,12562.34207282032,12304.737288718428,12292.43255142971,12292.43255142971,12292.43255142971,12292.43255142971,12292.43255142971,12292.43255142971,12292.43255142971,12292.43255142971,12333.623186188124,12321.289563001937,12321.289563001937,12429.463719470179,12417.03425575071,12417.03425575071,12417.03425575071,12417.03425575071,12417.03425575071,12417.03425575071,12417.03425575071,12379.847768946625,12367.46792117768,12367.46792117768,12367.46792117768,12658.974469807354,12850.497542152463,12837.647044610312,12837.647044610312,12258.953579901477,12246.694626321574,12246.694626321574,12588.80747330194,12576.218665828637,12576.218665828637,12576.218665828637,12576.218665828637,12576.218665828637,12576.218665828637,12576.218665828637,12576.218665828637
DDBL,SWBBL,15.0,-1.5276060525114563,1.8285305585698317,0.13580185209611628,0.05,13488.778601941482,2.612790353071039,2.5705208222209155,0.008754912017419157,8,0.625,1.412460023985609,28.266149999999993,50.02999999999997,0.8922399888789619,10000.0,10000.0,10000.0,10000.0,10000.0,10000.0,10000.0,10000.0,10000.0,10000.0,10000.0,10000.0,10000.0,10000.0,10000.0,10000.0,10000.0,10000.0,10000.0,9936.33040951524,9926.394079105723,9926.394079105723,9926.394079105723,9926.394079105723,9926.394079105723,9926.394079105723,9926.394079105723,9926.394079105723,9926.394079105723,9926.394079105723,9926.394079105723,9926.394079105723,9926.394079105723,9926.394079105723,9926.394079105723,9926.394079105723,9926.394079105723,9926.394079105723,9926.394079105723,9926.394079105723,9926.394079105723,9926.394079105723,9926.394079105723,10196.996213349174,11196.34251797726,11185.146175459284,11185.146175459284,11173.961029283826,11162.78706825454,11162.78706825454,11162.78706825454,11162.78706825454,11162.78706825454,11162.78706825454,11162.78706825454,11162.78706825454,11162.78706825454,11162.78706825454,11162.78706825454,11162.78706825454,11162.78706825454,11162.78706825454,11162.78706825454,11936.034435937443,11924.098401501506,11924.098401501506,11924.098401501506,11924.098401501506,11924.098401501506,11924.098401501506,11924.098401501506,11924.098401501506,11924.098401501506,11924.098401501506,11924.098401501506,11924.098401501506,11924.098401501506,11924.098401501506,11924.098401501506,11924.098401501506,11924.098401501506,11924.098401501506,11924.098401501506,11924.098401501506,11924.098401501506,11924.098401501506,11924.098401501506,11924.098401501506,11924.098401501506,11963.350691089281,11951.387340398192,11951.387340398192,11951.387340398192,11951.387340398192,11951.387340398192,11951.387340398192,12553.873117991381,12541.31924487339,12541.31924487339,12541.31924487339,12541.31924487339,12541.31924487339,12541.31924487339,12541.31924487339,12541.31924487339,12541.31924487339,12456.421484850373,12443.965063365524,12443.965063365524,12443.965063365524,12443.965063365524,12443.965063365524,12443.965063365524,12443.965063365524,12443.965063365524,12443.965063365524,12443.965063365524,12443.965063365524,12443.965063365524,13502.280882824307,13488.778601941482,13488.778601941482,13488.778601941482,13488.778601941482,13488.778601941482
KLBSL,NLG,13.0,-1.9969053686488925,2.0934428231465207,-0.297297685207189,0.05,13176.424080156849,3.2451838643672053,5.976904146368608,0.004643867336633565,8,0.75,5.605698529411771,47.013124999999995,25.159999999999968,1.1315658253025729,10000.0,10000.0,10000.0,10000.0,10000.0,10000.0,10000.0,10000.0,10000.0,10000.0,10000.0,10000.0,10000.0,10000.0,10000.0,10189.706275733657,10179.516569457923,10179.516569457923,10179.516569457923,10179.516569457923,10179.516569457923,10179.516569457923,10179.516569457923,10179.516569457923,10179.516569457923,10179.516569457923,10179.516569457923,10179.516569457923,10179.516569457923,10179.516569457923,10179.516569457923,10179.516569457923,10179.516569457923,10179.516569457923,10179.516569457923,10179.516569457923,10179.516569457923,10179.516569457923,10179.516569457923,10179.516569457923,10179.516569457923,10179.516569457923,10179.516569457923,10179.516569457923,10179.516569457923,10577.462291781158,10566.884829489376,10566.884829489376,10566.884829489376,10566.884829489376,10566.884829489376,10566.884829489376,10566.884829489376,10566.884829489376,10566.884829489376,10566.884829489376,10566.884829489376,11076.942228946613,11433.719190828335,11815.841870220722,11804.026028350503,11804.026028350503,11804.026028350503,12691.630164103735,12678.938533939632,12678.938533939632,12678.938533939632,12678.938533939632,12678.938533939632,12678.938533939632,12678.938533939632,12678.938533939632,12678.938533939632,12678.938533939632,12678.938533939632,12678.938533939632,12645.337254590611,12632.69191733602,12632.69191733602,12632.69191733602,12632.69191733602,12632.69191733602,12632.69191733602,12632.69191733602,12632.69191733602,12632.69191733602,12632.69191733602,12632.69191733602,12632.69191733602,12632.69191733602,12632.69191733602,12632.69191733602,12632.69191733602,12632.69191733602,12632.69191733602,12632.69191733602,12632.69191733602,12632.69191733602,12632.69191733602,12632.69191733602,12632.69191733602,12632.69191733602,12632.69191733602,12632.69191733602,12632.69191733602,12632.69191733602,12632.69191733602,12632.69191733602,12632.69191733602,13072.821517731254,13059.748696213523,13059.748696213523,13059.748696213523,13189.613693850699,13176.424080156849,13176.424080156849,13176.424080156849,13176.424080156849,13176.424080156849,13176.424080156849,13176.424080156849,13176.424080156849,13176.424080156849,13176.424080156849,13176.424080156849
FOWAD,SWBBL,26.0,-1.1337350596061468,2.936185058609175,-0.3185157504704177,0.05,10596.879985344205,1.280357371889558,0.480552639803864,0.007841666048543602,5,0.2,0.722107664233577,197.8575000000001,68.5,1.9013199595396806,10000.0,10000.0,10000.0,10000.0,10000.0,10000.0,10000.0,10000.0,10000.0,10000.0,10000.0,10000.0,10000.0,10000.0,10000.0,10000.0,10000.0,10000.0,10000.0,10000.0,10000.0,10000.0,10000.0,10000.0,10000.0,10000.0,10000.0,10000.0,10000.0,10000.0,10000.0,10000.0,10000.0,10000.0,10000.0,10000.0,10000.0,10000.0,10000.0,10000.0,10000.0,10000.0,10000.0,10000.0,10000.0,10236.174318030606,10225.938143712576,10225.938143712576,10225.938143712576,10225.938143712576,10225.938143712576,10290.245282418082,10279.955037135664,10279.955037135664,10279.955037135664,10279.955037135664,10279.955037135664,10279.955037135664,10279.955037135664,10441.00766605079,10430.56665838474,10430.56665838474,10430.56665838474,10430.56665838474,10430.56665838474,10369.502272996331,10359.132770723336,10359.132770723336,10359.132770723336,10359.132770723336,10359.132770723336,10359.132770723336,10359.132770723336,10359.132770723336,10359.132770723336,10359.132770723336,10359.132770723336,10359.132770723336,10359.132770723336,10359.132770723336,10359.132770723336,10359.132770723336,10359.132770723336,10359.132770723336,10359.132770723336,10359.132770723336,10359.132770723336,10359.132770723336,10359.132770723336,10359.132770723336,10359.132770723336,10607.487472817023,10596.879985344205,10596.879985344205,10596.879985344205,10596.879985344205,10596.879985344205,10596.879985344205,10596.879985344205,10596.879985344205,10596.879985344205,10596.879985344205,10596.879985344205,10596.879985344205,10596.879985344205,10596.879985344205,10596.879985344205,10596.879985344205,10596.879985344205,10596.879985344205,10596.879985344205,10596.879985344205,10596.879985344205,10596.879985344205,10596.879985344205,10596.879985344205,10596.879985344205,10596.879985344205,10596.879985344205,10596.879985344205,10596.879985344205,10596.879985344205,10596.879985344205,10596.879985344205,10596.879985344205
KLBSL,SWBBL,7.0,-1.349682276794501,2.7847180758414494,0.1573961195405894,0.05,12324.355137252065,2.2596729246135876,0.7233387214140982,0.023053644244829186,7,1.0,inf,38.58703571428571,0.0,0.8728264440906606,10000.0,10000.0,10000.0,10000.0,10000.0,10000.0,10000.0,10000.0,10000.0,10000.0,10000.0,10000.0,10000.0,10000.0,10000.0,10000.0,10000.0,10989.950232662302,11142.246273269839,11131.104026996567,11131.104026996567,11131.104026996567,11131.104026996567,11131.104026996567,11131.104026996567,11131.104026996567,11131.104026996567,11131.104026996567,11131.104026996567,11131.104026996567,11131.104026996567,11131.104026996567,11131.104026996567,11131.104026996567,11131.104026996567,11033.753284143493,11022.71953085935,11022.71953085935,11022.71953085935,11022.71953085935,11022.71953085935,11022.71953085935,11022.71953085935,11022.71953085935,11022.71953085935,11022.71953085935,11022.71953085935,11022.71953085935,11022.71953085935,11022.71953085935,11022.71953085935,11022.71953085935,11022.71953085935,11022.71953085935,11022.71953085935,11022.71953085935,11022.71953085935,11554.77980686108,11926.947427626597,11915.02048019897,11915.02048019897,11915.02048019897,11915.02048019897,11915.02048019897,11915.02048019897,12069.886479579902,12057.81659310032,12057.81659310032,12057.81659310032,12057.81659310032,12057.81659310032,12057.81659310032,12057.81659310032,12057.81659310032,12057.81659310032,12057.81659310032,12057.81659310032,12057.81659310032,12057.81659310032,12057.81659310032,12057.81659310032,12057.81659310032,12057.81659310032,12057.81659310032,12057.81659310032,12057.81659310032,12284.780981538592,12392.397539126956,12380.005141587828,12380.005141587828,12380.005141587828,12380.005141587828,12380.005141587828,12380.005141587828,12615.181032867918,12602.56585183505,12602.56585183505,12602.56585183505,12602.56585183505,12602.56585183505,12602.56585183505,12602.56585183505,12602.56585183505,12602.56585183505,12602.56585183505,12602.56585183505,12602.56585183505,12602.56585183505,12602.56585183505,12602.56585183505,12602.56585183505,12602.56585183505,12602.56585183505,12602.56585183505,12602.56585183505,12602.56585183505,12602.56585183505,12602.56585183505,12336.691829081146,12324.355137252065,12324.355137252065,12324.355137252065,12324.355137252065,12324.355137252065,12324.355137252065
NIL,SMB,13.0,-2.440204410425272,2.0290949225310806,0.3861271975055547,0.05,11500.996118560332,1.9506271778815196,0.7839856467682851,0.015189138370363953,5,0.8,4.951699865926062,64.63206249999998,52.210000000000036,0.8430367889372019,10000.0,10000.0,10000.0,10000.0,10000.0,10000.0,10000.0,10000.0,10000.0,10000.0,10000.0,10000.0,10000.0,10000.0,10231.711987664354,10221.48027567669,10221.48027567669,10221.48027567669,10221.48027567669,10221.48027567669,10221.48027567669,10221.48027567669,10221.48027567669,10221.48027567669,10221.48027567669,10221.48027567669,10221.48027567669,10221.48027567669,10221.48027567669,10221.48027567669,10221.48027567669,10221.48027567669,10221.48027567669,10221.48027567669,10221.48027567669,10221.48027567669,10221.48027567669,10221.48027567669,10221.48027567669,10221.48027567669,10221.48027567669,10221.48027567669,10221.48027567669,10221.48027567669,10221.48027567669,10507.743024773248,10497.235281748475,10497.235281748475,10497.235281748475,10497.235281748475,10497.235281748475,10497.235281748475,10497.235281748475,10497.235281748475,10497.235281748475,10497.235281748475,10497.235281748475,10497.235281748475,10497.235281748475,10497.235281748475,11128.202076251899,11117.073874175647,11117.073874175647,11117.073874175647,11117.073874175647,11117.073874175647,11117.073874175647,11117.073874175647,11117.073874175647,11117.073874175647,11117.073874175647,11117.073874175647,11117.073874175647,11117.073874175647,11117.073874175647,11117.073874175647,11117.073874175647,11117.073874175647,11117.073874175647,11117.073874175647,11117.073874175647,11117.073874175647,11117.073874175647,11117.073874175647,11117.073874175647,11117.073874175647,11117.073874175647,11117.073874175647,11117.073874175647,11117.073874175647,11117.073874175647,11117.073874175647,11117.073874175647,11117.073874175647,11678.380658321357,11666.702277663035,11666.702277663035,11666.702277663035,11666.702277663035,11666.702277663035,11666.702277663035,11666.702277663035,11666.702277663035,11666.702277663035,11666.702277663035,11666.702277663035,11666.702277663035,11512.508627187519,11500.996118560332,11500.996118560332,11500.996118560332,11500.996118560332,11500.996118560332,11500.996118560332,11500.996118560332,11500.996118560332,11500.996118560332,11500.996118560332,11500.996118560332,11500.996118560332,11500.996118560332,11500.996118560332,11500.996118560332,11500.996118560332,11500.996118560332
SMB,SWBBL,12.0,-1.2588293492430824,1.098183782602373,-0.38228251492225196,0.05,13158.01400793616,2.257169667171302,0.4830633340718662,0.0725462781205215,14,0.7142857142857143,2.214135841667993,41.840525000000014,47.24249999999995,1.1249593376413418,10000.0,10000.0,10000.0,10000.0,10000.0,10000.0,10000.0,10000.0,10000.0,10000.0,10000.0,10000.0,10000.0,10000.0,10231.711987664354,10221.48027567669,10221.48027567669,11186.271525820264,11175.085254294443,11175.085254294443,11163.91016904015,11152.74625887111,11152.74625887111,11152.74625887111,11152.74625887111,11152.74625887111,11152.74625887111,11152.74625887111,11152.74625887111,11152.74625887111,11152.74625887111,11152.74625887111,11289.751586434395,12145.851042343638,12584.533771865175,12571.949238093312,12571.949238093312,12571.949238093312,12571.949238093312,12571.949238093312,12571.949238093312,12571.949238093312,12571.949238093312,12571.949238093312,12571.949238093312,12571.949238093312,12571.949238093312,12571.949238093312,12325.48055884418,12313.155078285336,12313.155078285336,12313.155078285336,12632.407910627222,12619.775502716595,12619.775502716595,12619.775502716595,12619.775502716595,12619.775502716595,12619.775502716595,12619.775502716595,13378.323737807272,13281.440631492798,13268.159190861306,14187.245894352054,14173.058648457702,14173.058648457702,14173.058648457702,13765.626676311691,13751.86104963538,13751.86104963538,13751.86104963538,13751.86104963538,13751.86104963538,13751.86104963538,13751.86104963538,13751.86104963538,13751.86104963538,13751.86104963538,13751.86104963538,13916.758000266844,13902.841242266577,13902.841242266577,13902.841242266577,13902.841242266577,13902.841242266577,13736.369498502867,13722.633129004365,13722.633129004365,13722.633129004365,13722.633129004365,13722.633129004365,13722.633129004365,13722.633129004365,13722.633129004365,13722.633129004365,13722.633129004365,13722.633129004365,13722.633129004365,13722.633129004365,13722.633129004365,13722.633129004365,13722.633129004365,13722.633129004365,13722.633129004365,13722.633129004365,13722.633129004365,13410.57772788949,13397.1671501616,13397.1671501616,13397.1671501616,13397.1671501616,13397.1671501616,13397.1671501616,13397.1671501616,13397.1671501616,13397.1671501616,13397.1671501616,13397.1671501616,13397.1671501616,13397.1671501616,13397.1671501616,13397.1671501616,13397.1671501616,13171.18519312929,13158.01400793616
PRIN,SMB,20.0,-2.1576762160554575,1.1280796785039768,-0.08853297870835253,0.05,10790.513278404313,0.7692508473439038,0.09979874131683425,0.05361508948565785,10,0.5,0.6390909090909087,36.274799999999985,70.95000000000002,0.5444366361066144,10000.0,10000.0,10000.0,10000.0,10000.0,10000.0,10000.0,10000.0,10000.0,10000.0,10000.0,10000.0,10000.0,10000.0,10000.0,10000.0,10000.0,10000.0,10000.0,10000.0,10000.0,10000.0,10000.0,9680.219503158352,9670.539283655193,9670.539283655193,9670.539283655193,9670.539283655193,9670.539283655193,9670.539283655193,9473.322427570993,9463.849105143421,9463.849105143421,9463.849105143421,9463.849105143421,9463.849105143421,9463.849105143421,9463.849105143421,9463.849105143421,9463.849105143421,9463.849105143421,9463.849105143421,9463.849105143421,9463.849105143421,9463.849105143421,9728.893637716666,9719.16474407895,9719.16474407895,9719.16474407895,9719.16474407895,9719.16474407895,9719.16474407895,9719.16474407895,9719.16474407895,9719.16474407895,9719.16474407895,9719.16474407895,9719.16474407895,9719.16474407895,9719.16474407895,10303.363350590578,10293.059987239987,10293.059987239987,10293.059987239987,10293.059987239987,10293.059987239987,10293.059987239987,10293.059987239987,10293.059987239987,10482.15914501725,10471.676985872231,10471.676985872231,10471.676985872231,10471.676985872231,10471.676985872231,10471.676985872231,10471.676985872231,10471.676985872231,10471.676985872231,10471.676985872231,10471.676985872231,10471.676985872231,10471.676985872231,10471.676985872231,10471.676985872231,10471.676985872231,10471.676985872231,10471.676985872231,10471.676985872231,10471.676985872231,10471.676985872231,10471.676985872231,10471.676985872231,11089.608945028222,11078.519336083195,11078.519336083195,11078.519336083195,11281.87419304121,11270.59231884817,11270.59231884817,11015.662161855853,11004.646499693998,11004.646499693998,11004.646499693998,11004.646499693998,10750.304305529402,10739.554001223873,10739.554001223873,10739.554001223873,10801.314592997309,10790.513278404313,10790.513278404313,10790.513278404313,10790.513278404313,10790.513278404313,10790.513278404313,10790.513278404313,10790.513278404313,10790.513278404313,10790.513278404313,10790.513278404313,10790.513278404313,10790.513278404313,10790.513278404313,10790.513278404313
HEI,KLBSL,9.0,-1.0545319596080596,1.8477198237651253,0.2869699440071284,0.05,12063.214982972526,2.14332593163161,0.4203025048630525,0.05094769495039456,10,0.7,3.8954053799849477,29.582821428571386,17.719999999999988,0.5940045693341909,10000.0,10000.0,10000.0,10000.0,10000.0,10000.0,10000.0,10000.0,10000.0,10000.0,10000.0,10000.0,10000.0,10000.0,10000.0,10000.0,10000.0,10000.0,10000.0,10000.0,10000.0,10000.0,10000.0,10000.0,10000.0,10000.0,10000.0,10000.0,10000.0,10000.0,10000.0,10000.0,10000.0,10000.0,10000.0,10000.0,10000.0,10000.0,10000.0,10000.0,10000.0,10000.0,10000.0,10000.0,10000.0,10390.927918440851,10380.53699052241,10380.53699052241,10380.53699052241,10380.53699052241,10380.53699052241,10380.53699052241,10380.53699052241,10380.53699052241,10380.53699052241,10419.302563384395,10408.88326082101,10911.314016236456,11262.756263057714,11251.493506794657,11251.493506794657,11251.493506794657,11251.493506794657,12097.549940933775,12085.452390992841,12085.452390992841,12085.452390992841,12085.452390992841,12085.452390992841,12085.452390992841,12085.452390992841,12085.452390992841,12341.44021803542,12329.098777817384,12329.098777817384,12329.098777817384,12296.42463155142,12284.12820691987,12284.12820691987,12284.12820691987,12284.12820691987,12284.12820691987,12284.12820691987,12284.12820691987,12284.12820691987,12284.12820691987,12284.12820691987,12284.12820691987,12284.12820691987,12284.12820691987,12284.12820691987,12284.12820691987,12284.12820691987,12284.12820691987,12517.482778797757,12504.96529601896,12504.96529601896,12504.96529601896,12504.96529601896,12504.96529601896,12504.96529601896,12504.96529601896,12504.96529601896,12504.96529601896,12504.96529601896,12504.96529601896,12504.96529601896,12710.800994621684,12698.090193627062,12698.090193627062,12698.090193627062,12698.090193627062,12698.090193627062,12698.090193627062,12347.87858300343,12335.530704420427,12335.530704420427,12335.530704420427,12075.290273245771,12063.214982972526,12063.214982972526,12063.214982972526,12063.214982972526,12063.214982972526,12063.214982972526
PRIN,SICL,11.0,-1.2131737182572666,2.20529390812092,0.4142723952754003,0.05,10732.246847084223,0.9523286827762519,0.19968265525911202,0.01953354439213565,8,0.625,23.05964071856282,38.50960000000002,2.7833333333333408,0.6487497084836298,10000.0,10000.0,10000.0,10000.0,10000.0,10000.0,10000.0,10000.0,10000.0,10000.0,10000.0,10000.0,10265.121798712973,10254.85667691426,10254.85667691426,10254.85667691426,10074.682268635768,10064.607586367134,10064.607586367134,10064.607586367134,10064.607586367134,10064.607586367134,10064.607586367134,10064.607586367134,10064.607586367134,10064.607586367134,10064.607586367134,10064.607586367134,10064.607586367134,10064.607586367134,10064.607586367134,10064.607586367134,10064.607586367134,10064.607586367134,10064.607586367134,10064.607586367134,10064.607586367134,10064.607586367134,10064.607586367134,10064.607586367134,10064.607586367134,10064.607586367134,10064.607586367134,10406.720343225617,10348.916486191212,10328.21865321883,10328.21865321883,10328.21865321883,10328.21865321883,10328.21865321883,10328.21865321883,10350.842293457878,10340.49145116442,10340.49145116442,10340.49145116442,10340.49145116442,10340.49145116442,10340.49145116442,10340.49145116442,10340.49145116442,10340.49145116442,10340.49145116442,10340.49145116442,10340.49145116442,10340.49145116442,10340.49145116442,10340.49145116442,10340.49145116442,10340.49145116442,10340.49145116442,10340.49145116442,10340.49145116442,10340.49145116442,10904.716314910758,10893.811598595848,10893.811598595848,10893.811598595848,10893.811598595848,10893.811598595848,10893.811598595848,10893.811598595848,10893.811598595848,10893.811598595848,10893.811598595848,10893.811598595848,10893.811598595848,10893.811598595848,10893.811598595848,10893.811598595848,10893.811598595848,10893.811598595848,10893.811598595848,10893.811598595848,10893.811598595848,10866.299852233065,10855.433552380833,10855.433552380833,10855.433552380833,10855.433552380833,10855.433552380833,10855.433552380833,10855.433552380833,10855.433552380833,10855.433552380833,10855.433552380833,10742.989836921144,10732.246847084223,10732.246847084223,10732.246847084223,10732.246847084223,10732.246847084223,10732.246847084223,10732.246847084223,10732.246847084223,10732.246847084223,10732.246847084223,10732.246847084223,10732.246847084223,10732.246847084223,10732.246847084223,10732.246847084223,10732.246847084223,10732.246847084223,10732.246847084223,10732.246847084223
HEI,NIL,8.0,-1.0052782127694153,1.2757627263521985,-0.1876453166189327,0.05,12978.63886250236,2.705922758267181,0.5394060214840909,0.03093511697801874,16,0.5625,2.9263525735898717,39.54477777777778,20.269999999999992,0.5477553525826425,10000.0,10000.0,10000.0,10000.0,10000.0,10000.0,10000.0,10000.0,10000.0,10000.0,10346.990307212089,10336.643316904876,10336.643316904876,10336.643316904876,10336.643316904876,10336.643316904876,10336.643316904876,10336.643316904876,10336.643316904876,10336.643316904876,11061.63748443228,11602.38568016907,11590.783294488901,11682.864713967949,11671.18184925398,11671.18184925398,11671.18184925398,11671.18184925398,11671.18184925398,11671.18184925398,11671.18184925398,11671.18184925398,11671.18184925398,11671.18184925398,11671.18184925398,11671.18184925398,11671.18184925398,11561.963178629941,11550.401215451311,11550.401215451311,11638.201563407421,11626.563361844015,11626.563361844015,11626.563361844015,11626.563361844015,11626.563361844015,11626.563361844015,11626.563361844015,11626.563361844015,11626.563361844015,11626.563361844015,11626.563361844015,11626.563361844015,11691.730479868196,11680.038749388328,11680.038749388328,11680.038749388328,11680.038749388328,11769.549085942579,11757.779536856637,11757.779536856637,11757.779536856637,11757.779536856637,11747.589670313093,11735.84208064278,11735.84208064278,11735.84208064278,11735.84208064278,11735.84208064278,11735.84208064278,11735.84208064278,11735.84208064278,11735.84208064278,12249.34672329021,12237.097376566919,12237.097376566919,12237.097376566919,12237.097376566919,12237.097376566919,12237.097376566919,12237.097376566919,12237.097376566919,12237.097376566919,12237.097376566919,12237.097376566919,11986.16209638977,11974.17593429338,11974.17593429338,11974.17593429338,11974.17593429338,11974.17593429338,11974.17593429338,11962.201758359088,11950.239556600727,11950.239556600727,11950.239556600727,11950.239556600727,11953.416202558814,11941.462786356255,11941.462786356255,11941.462786356255,11941.462786356255,11941.462786356255,11941.462786356255,12556.871894892005,12556.806551239475,12544.249744688233,12788.94583952702,12776.156893687492,12776.156893687492,12776.156893687492,12776.156893687492,12776.156893687492,12776.156893687492,12776.156893687492,12856.410391849842,12458.695832460551,12991.630492995355,12978.63886250236,12978.63886250236,12978.63886250236,12978.63886250236,12978.63886250236,12978.63886250236,12978.63886250236
NIL,NLG,12.0,-2.260332588034297,1.0285414475726482,-0.27168204612335034,0.05,11588.99865577736,2.3411984285261833,0.5214317046146031,0.026902126820924434,12,0.8333333333333334,18.1669238683127,26.487374999999993,7.2900000000000205,1.270669008850537,10000.0,10000.0,10000.0,10000.0,10000.0,10000.0,10000.0,10000.0,10000.0,10000.0,10000.0,10000.0,10000.0,10000.0,10000.0,10375.65009164548,10365.274441553836,10365.274441553836,10365.274441553836,10365.274441553836,10365.274441553836,10365.274441553836,10365.274441553836,10365.274441553836,10365.274441553836,10365.274441553836,10365.274441553836,10365.274441553836,10365.274441553836,10365.274441553836,10365.274441553836,10365.274441553836,10365.274441553836,10365.274441553836,10365.274441553836,10365.274441553836,10746.225685719484,10735.479460033763,10735.479460033763,10735.479460033763,10735.479460033763,10735.479460033763,10735.479460033763,10735.479460033763,10735.479460033763,10735.479460033763,10735.479460033763,10935.712223941968,10924.776511718024,10924.776511718024,10924.776511718024,10924.776511718024,10924.776511718024,10924.776511718024,10924.776511718024,10924.776511718024,10924.776511718024,10981.351428901331,10970.370077472431,10970.370077472431,10970.370077472431,10970.370077472431,10869.955667528073,10696.62634644233,10685.929720095888,10932.964768297417,10948.047739790938,10937.099692051146,10926.162592359095,10915.236429766735,10915.236429766735,10915.236429766735,10915.236429766735,10915.236429766735,10915.236429766735,10915.236429766735,10915.236429766735,10915.236429766735,10915.236429766735,10915.236429766735,10915.236429766735,10915.236429766735,10915.236429766735,10957.80532672588,10946.847521399155,10946.847521399155,10946.847521399155,10946.847521399155,10946.847521399155,10946.847521399155,10946.847521399155,10946.847521399155,10946.847521399155,11147.580045838513,11136.432465792674,11136.432465792674,11136.432465792674,11136.432465792674,11136.432465792674,11136.432465792674,11136.432465792674,11328.517026080432,11317.18850905435,11317.18850905435,11317.18850905435,11317.18850905435,11317.18850905435,11317.18850905435,11215.587508252509,11204.371920744255,11204.371920744255,11204.371920744255,11600.599255032394,11588.99865577736,11588.99865577736,11588.99865577736,11588.99865577736,11588.99865577736,11588.99865577736,11588.99865577736,11588.99865577736,11588.99865577736,11588.99865577736,11588.99865577736,11588.99865577736
HEI,NICL,26.0,-1.0009926155840427,1.0464431861284746,0.11549953516736278,0.1,10443.730125051765,0.41385206296368504,0.04290850920006024,0.06525026038863306,7,0.5714285714285714,2.507805763557981,27.62975000000002,22.034999999999968,0.8193921958642942,10000.0,10000.0,10000.0,10000.0,10000.0,10000.0,10000.0,10000.0,10000.0,10000.0,10000.0,10000.0,10000.0,10000.0,10000.0,10000.0,10000.0,10000.0,10000.0,10000.0,10000.0,10000.0,10000.0,10000.0,10000.0,10000.0,10000.0,10000.0,10000.0,10000.0,10110.1393175205,10406.156814919774,10395.750658104855,10395.750658104855,10395.750658104855,10395.750658104855,10395.750658104855,10395.750658104855,10395.750658104855,10395.750658104855,10474.773932536702,10464.299158604166,10464.299158604166,10464.299158604166,10464.299158604166,10464.299158604166,10464.299158604166,10464.299158604166,10464.299158604166,10464.299158604166,10464.299158604166,10464.299158604166,10464.299158604166,10464.299158604166,10464.299158604166,10464.299158604166,10464.299158604166,10464.299158604166,10464.299158604166,10464.299158604166,10464.299158604166,10464.299158604166,10464.299158604166,10464.299158604166,10464.299158604166,10464.299158604166,10464.299158604166,10297.59132437831,10287.293733053933,10287.293733053933,10287.293733053933,10287.293733053933,10287.293733053933,10287.293733053933,10287.293733053933,10287.293733053933,10287.293733053933,10287.293733053933,10287.293733053933,10287.293733053933,10287.293733053933,10287.293733053933,10287.293733053933,10287.293733053933,10287.293733053933,10287.293733053933,10287.293733053933,10287.293733053933,10287.293733053933,10226.848605588075,10216.621756982488,10216.621756982488,10216.621756982488,10216.621756982488,10216.621756982488,10216.621756982488,10216.621756982488,10216.621756982488,9801.093299225839,9791.292205926615,9791.292205926615,9791.292205926615,9791.292205926615,9791.292205926615,9791.292205926615,9791.292205926615,9791.292205926615,10215.899467937326,10212.520030863505,10202.307510832643,10202.307510832643,10454.184309361126,10443.730125051765,10443.730125051765,10443.730125051765,10443.730125051765,10443.730125051765,10443.730125051765,10443.730125051765,10443.730125051765,10443.730125051765,10443.730125051765,10443.730125051765,10443.730125051765,10443.730125051765
DDBL,KLBSL,5.0,-1.4099467946167308,1.38040406534855,-0.48521561815404946,0.05,14602.804549639017,3.01752024028458,0.9738284084994894,0.02322093618252363,14,0.7142857142857143,5.980151542324248,33.345325,13.939999999999998,1.020212490900719,10000.0,10000.0,10000.0,10000.0,10000.0,10000.0,10000.0,10000.0,10000.0,10000.0,10000.0,10000.0,10000.0,10000.0,10000.0,10000.0,10000.0,10989.950232662302,11142.246273269839,11131.104026996567,11131.104026996567,11131.104026996567,11131.104026996567,11174.515373103673,11163.340857730569,11163.340857730569,11163.340857730569,11163.340857730569,11163.340857730569,11163.340857730569,11163.340857730569,11163.340857730569,10942.809473460353,11176.463637210518,11165.287173573308,11165.287173573308,11165.287173573308,11165.287173573308,11165.287173573308,11165.287173573308,11165.287173573308,11238.381391253806,11227.143009862553,11533.20469104446,12663.504756609456,12650.841251852848,12650.841251852848,12650.841251852848,12650.841251852848,12650.841251852848,12650.841251852848,12513.88471072029,12501.370826009568,12501.370826009568,12501.370826009568,12501.370826009568,12501.370826009568,13104.804742064953,13526.897078134827,13513.370181056693,13513.370181056693,13513.370181056693,13513.370181056693,14529.508508087003,14514.978999578916,14514.978999578916,14514.978999578916,14514.978999578916,14514.978999578916,14514.978999578916,14514.978999578916,14514.978999578916,14566.607492626696,14552.040885134067,14552.040885134067,14552.040885134067,14552.040885134067,14552.040885134067,14552.040885134067,14552.040885134067,14552.040885134067,14552.040885134067,14552.040885134067,14455.702082545333,14572.209719293583,14557.637509574288,14557.637509574288,14557.637509574288,14557.637509574288,14557.637509574288,14648.953599407076,14634.304645807668,14634.304645807668,14634.304645807668,14912.30417803571,14897.391873857676,14897.391873857676,14897.391873857676,14897.391873857676,14897.391873857676,14897.391873857676,14897.391873857676,14897.391873857676,14897.391873857676,14949.95653629994,14935.006579763638,14935.006579763638,14935.006579763638,14935.006579763638,14935.006579763638,14935.006579763638,14935.006579763638,14935.006579763638,14935.006579763638,14935.006579763638,14935.006579763638,14935.006579763638,14617.421971610627,14602.804549639017,14602.804549639017,14602.804549639017,14602.804549639017,14602.804549639017,14602.804549639017,14602.804549639017
HEI,SMB,10.0,-1.4421749753718711,1.489765112525024,0.30474543363798245,0.15000000000000002,11076.8002219727,1.112884996843687,0.11570515248948272,0.05754523931108096,11,0.6363636363636364,1.6097873294623035,48.71446428571426,52.95750000000001,0.4590103236378426,10000.0,10000.0,10000.0,10000.0,10000.0,10000.0,10000.0,10000.0,10000.0,10000.0,10000.0,10159.741697416976,10149.581955719557,10149.581955719557,10149.581955719557,10149.581955719557,10149.581955719557,10149.581955719557,10149.581955719557,10149.581955719557,10861.455965022355,10850.594509057331,10850.594509057331,10850.594509057331,10850.594509057331,10850.594509057331,10850.594509057331,11050.012032477523,11038.962020445044,11038.962020445044,11038.962020445044,11038.962020445044,11038.962020445044,11038.962020445044,11038.962020445044,11038.962020445044,11038.962020445044,11038.962020445044,11038.962020445044,11038.962020445044,11038.962020445044,11038.962020445044,11038.962020445044,11038.962020445044,11038.962020445044,11348.1191610859,11336.771041924816,11336.771041924816,11336.771041924816,11336.771041924816,11336.771041924816,11336.771041924816,11336.771041924816,11336.771041924816,11336.771041924816,11336.771041924816,11115.615337807223,11104.499722469416,11104.499722469416,11104.499722469416,11104.499722469416,11104.499722469416,11104.499722469416,11104.499722469416,11104.499722469416,11104.499722469416,11104.499722469416,11104.499722469416,11104.499722469416,11104.499722469416,11104.499722469416,11104.499722469416,11104.499722469416,11104.499722469416,11104.499722469416,11104.499722469416,11104.499722469416,11305.416721776135,11294.111305054359,11294.111305054359,11294.111305054359,11294.111305054359,11294.111305054359,11294.111305054359,11294.111305054359,11294.111305054359,11294.111305054359,11294.111305054359,11294.111305054359,11294.111305054359,11294.111305054359,11294.111305054359,11294.111305054359,11294.111305054359,11294.111305054359,11382.521677112038,10727.511743239058,10913.696070513566,10902.782374443052,10902.782374443052,10902.782374443052,11084.569230445735,11073.484661215289,11073.484661215289,11073.484661215289,11073.484661215289,11073.484661215289,10927.131305934552,10916.204174628616,10916.204174628616,10916.204174628616,10916.204174628616,10916.204174628616,10916.204174628616,10916.204174628616,10916.204174628616,10916.204174628616,10916.204174628616,11087.888110082782,11076.8002219727,11076.8002219727,11076.8002219727,11076.8002219727,11076.8002219727,11076.8002219727
KLBSL,NIL,5.0,-1.3389477010958795,1.8579980418539515,-0.020703534079460018,0.05,14261.702194003119,3.6945930566950986,1.282969920047584,0.023053644244829426,14,0.8571428571428571,6.281390977443605,25.758937500000002,24.605000000000018,0.8966092443055433,10000.0,10000.0,10000.0,10000.0,10000.0,10000.0,10000.0,10000.0,10610.121116302707,10654.902105992234,10644.247203886242,10644.247203886242,10644.247203886242,10644.247203886242,10644.247203886242,10846.175253390007,10835.329078136618,10835.329078136618,10835.329078136618,10835.329078136618,10835.329078136618,10835.329078136618,10835.329078136618,10835.329078136618,10835.329078136618,10835.329078136618,11024.63975476447,11190.101635465784,11178.911533830318,11178.911533830318,11167.732622296488,11156.56488967419,11156.56488967419,11156.56488967419,11156.56488967419,11156.56488967419,11156.56488967419,11156.56488967419,11156.56488967419,11156.56488967419,11156.56488967419,11229.60200640349,11218.372404397085,11218.372404397085,11218.372404397085,11656.929901631609,11645.272971729979,11645.272971729979,11645.272971729979,11645.272971729979,11645.272971729979,11645.272971729979,11645.272971729979,11645.272971729979,11645.272971729979,11645.272971729979,11645.272971729979,12207.383541096075,12195.176157554979,12195.176157554979,12195.176157554979,12195.176157554979,12195.176157554979,13112.192840480546,13362.594262254388,13349.231667992133,13349.231667992133,13349.231667992133,13349.231667992133,13349.231667992133,13349.231667992133,13349.231667992133,13349.231667992133,13349.231667992133,13349.231667992133,13349.231667992133,13313.854001228447,13300.540147227217,13300.540147227217,13300.540147227217,13300.540147227217,13300.540147227217,13530.6771139344,14034.230548488273,13958.426609335214,13944.46818272588,13944.46818272588,13944.46818272588,13944.46818272588,13944.46818272588,13944.46818272588,13944.46818272588,13944.46818272588,13944.46818272588,13944.46818272588,14435.775756171764,14504.443230038962,14489.938786808922,14489.938786808922,14489.938786808922,14489.938786808922,14489.938786808922,14489.938786808922,14598.24493943575,14583.646694496312,14583.646694496312,14583.646694496312,14583.646694496312,14583.646694496312,14583.646694496312,14583.646694496312,14583.646694496312,14583.646694496312,14583.646694496312,14583.646694496312,14583.646694496312,14583.646694496312,14583.646694496312,14275.978172175295,14261.702194003119,14261.702194003119,14261.702194003119,14261.702194003119,14261.702194003119,14261.702194003119
FOWAD,KLBSL,23.0,-1.380187925618259,1.3937813759453312,0.08336902997968076,0.05,9364.250384591172,-0.980015383802456,-0.06685470819767898,0.14622853625387167,9,0.4444444444444444,0.41318030973451353,46.68937500000003,90.4,2.1677738241809243,10000.0,10000.0,10000.0,10000.0,10000.0,10000.0,10000.0,10000.0,10000.0,10000.0,10000.0,10000.0,10000.0,10000.0,10000.0,10000.0,10000.0,10000.0,10000.0,10000.0,10000.0,10000.0,10000.0,10000.0,10000.0,10000.0,10000.0,10000.0,10000.0,10000.0,10000.0,10000.0,10000.0,10000.0,10000.0,10000.0,10000.0,10000.0,10000.0,10000.0,10000.0,10000.0,10000.0,10000.0,8990.0,8750.709288090486,8546.260898359644,8537.714637461284,8537.714637461284,8537.714637461284,8537.714637461284,8591.405163621646,8582.813758458024,8582.813758458024,8582.813758458024,8582.813758458024,8582.813758458024,8582.813758458024,8582.813758458024,8717.277840673867,8708.560562833192,8708.560562833192,8708.560562833192,8708.560562833192,8708.560562833192,8708.560562833192,8708.560562833192,8708.560562833192,8708.560562833192,8708.560562833192,8708.560562833192,8708.560562833192,8867.464464985978,8858.597000520993,8858.597000520993,8858.597000520993,8858.597000520993,8858.597000520993,8858.597000520993,8858.597000520993,8858.597000520993,8858.597000520993,8858.597000520993,8930.19728803483,8991.2411964992,8982.249955302701,9151.322925700304,9142.171602774604,9142.171602774604,9142.171602774604,9142.171602774604,9142.171602774604,9142.171602774604,9142.171602774604,9142.171602774604,9142.171602774604,9514.291246016912,9504.776954770894,9504.776954770894,9504.776954770894,9504.776954770894,9504.776954770894,9504.776954770894,9504.776954770894,9504.776954770894,9504.776954770894,9373.624008599772,9364.250384591172,9364.250384591172,9364.250384591172,9364.250384591172,9364.250384591172,9364.250384591172,9364.250384591172,9364.250384591172,9364.250384591172,9364.250384591172,9364.250384591172,9364.250384591172,9364.250384591172,9364.250384591172,9364.250384591172,9364.250384591172,9364.250384591172,9364.250384591172
HEI,SICL,5.0,-1.1742960632922401,1.660026012809487,-0.053691207606592406,0.05,11010.562707495657,1.2025385203893268,0.15693265238177848,0.03832872462783455,12,0.8333333333333334,17.05479204339954,18.862599999999993,5.53000000000003,0.5486047125393847,10000.0,10000.0,10000.0,10000.0,10000.0,10000.0,10159.155793114292,10169.934053383437,10159.764119330053,10159.764119330053,10159.764119330053,10677.63067454018,10666.953043865638,10666.953043865638,10666.953043865638,11178.28168850901,10990.703671893669,10979.712968221775,10979.712968221775,10979.712968221775,10979.712968221775,10979.712968221775,10979.712968221775,11066.939821653421,11055.872881831767,11055.872881831767,11055.872881831767,11055.872881831767,11055.872881831767,11055.872881831767,11055.872881831767,11055.872881831767,11057.394793798436,11085.540889637197,11074.45534874756,11074.45534874756,11074.45534874756,11074.45534874756,11074.45534874756,11074.45534874756,11074.45534874756,11074.45534874756,11074.45534874756,11074.45534874756,11074.45534874756,11074.45534874756,11074.45534874756,11074.45534874756,11074.45534874756,11074.45534874756,11074.45534874756,11074.45534874756,11074.45534874756,11074.45534874756,11074.45534874756,11115.812323451339,11104.696511127888,11104.696511127888,11104.696511127888,11104.696511127888,11104.696511127888,11104.696511127888,11104.696511127888,11104.696511127888,11104.696511127888,11104.696511127888,11104.696511127888,11104.696511127888,11104.696511127888,11104.696511127888,11104.696511127888,11104.696511127888,11104.696511127888,11104.696511127888,11104.696511127888,11104.696511127888,11104.696511127888,11104.696511127888,11104.696511127888,11104.696511127888,11104.696511127888,11104.696511127888,11104.696511127888,11104.696511127888,10932.804522769507,10921.871718246739,10921.871718246739,10921.871718246739,10921.871718246739,10921.871718246739,10921.871718246739,10921.871718246739,10921.871718246739,10921.871718246739,10921.871718246739,10921.871718246739,10921.871718246739,10921.871718246739,10921.871718246739,10921.871718246739,10921.871718246739,11103.976859222379,11092.872882363159,11092.872882363159,11092.872882363159,11092.872882363159,11092.872882363159,11184.733470219066,11173.548736748846,11173.548736748846,11173.548736748846,11449.403751021455,11437.954347270434,11437.954347270434,11122.497112905574,11111.374615792669,11111.374615792669,11111.374615792669,11111.374615792669,11111.374615792669,11250.073124435838,11021.584291787445,11010.562707495657,11010.562707495657,11010.562707495657
NICL,SMB,13.0,-1.8516777296108866,1.9141049288506413,-0.15757501253687667,0.05,10948.414674326237,1.0956429583055578,0.14224084997263156,0.042914236979409465,8,0.5,1.7126057843308304,98.14943749999999,76.41333333333341,0.550657246277743,10000.0,10000.0,10000.0,10000.0,10000.0,10000.0,10000.0,10000.0,10000.0,10000.0,10000.0,10000.0,10000.0,10106.78647469275,10096.679688218057,10096.679688218057,10096.679688218057,10096.679688218057,10096.679688218057,10096.679688218057,10096.679688218057,10096.679688218057,10096.679688218057,10096.679688218057,10096.679688218057,10096.679688218057,10096.679688218057,10096.679688218057,10096.679688218057,10096.679688218057,10096.679688218057,10096.679688218057,10096.679688218057,10096.679688218057,10471.447315153255,10460.975867838102,10460.975867838102,10460.975867838102,10460.975867838102,10460.975867838102,10460.975867838102,10032.10524880217,10022.073143553367,10022.073143553367,10022.073143553367,10022.073143553367,10022.073143553367,10022.073143553367,10022.073143553367,10022.073143553367,10022.073143553367,10022.073143553367,10022.073143553367,10060.886413813381,10050.825527399567,10050.825527399567,10050.825527399567,10050.825527399567,10050.825527399567,10050.825527399567,10654.959567927634,10644.304608359706,10644.304608359706,10644.304608359706,10644.304608359706,10644.304608359706,10644.304608359706,10644.304608359706,10644.304608359706,10644.304608359706,10644.304608359706,10644.304608359706,10644.304608359706,10644.304608359706,10644.304608359706,10644.304608359706,10644.304608359706,10644.304608359706,10644.304608359706,10644.304608359706,10644.304608359706,10644.304608359706,10644.304608359706,10644.304608359706,10644.304608359706,10644.304608359706,10644.304608359706,10644.304608359706,10644.304608359706,10644.304608359706,10644.304608359706,10749.712659875308,10738.962947215434,10738.962947215434,10738.962947215434,10738.962947215434,10738.962947215434,10738.962947215434,10738.962947215434,10738.962947215434,10738.962947215434,11117.276525777876,11106.159249252096,11106.159249252096,11106.159249252096,11106.159249252096,11106.159249252096,10959.37404837461,10948.414674326237,10948.414674326237,10948.414674326237,10948.414674326237,10948.414674326237,10948.414674326237,10948.414674326237,10948.414674326237,10948.414674326237,10948.414674326237,10948.414674326237,10948.414674326237,10948.414674326237,10948.414674326237,10948.414674326237,10948.414674326237,10948.414674326237
NLG,SMB,15.0,-2.52642370836634,1.2774423642571346,-0.08594711659822729,0.15000000000000002,10367.361262464221,0.3153294823433887,0.02902167994913864,0.05346315477222877,7,0.7142857142857143,1.7970672389127322,47.73369999999998,132.80999999999995,0.6529955945900318,10000.0,10000.0,10000.0,10000.0,10000.0,10000.0,10000.0,10000.0,10000.0,10000.0,10000.0,10000.0,10000.0,10000.0,10000.0,10127.840532237391,10117.712691705154,10117.712691705154,10117.712691705154,10117.712691705154,10117.712691705154,10117.712691705154,10117.712691705154,10117.712691705154,10117.712691705154,10117.712691705154,10117.712691705154,10117.712691705154,10117.712691705154,10117.712691705154,10117.712691705154,10117.712691705154,10117.712691705154,10117.712691705154,10117.712691705154,10117.712691705154,10117.712691705154,10117.712691705154,10117.712691705154,10117.712691705154,10117.712691705154,10117.712691705154,10117.712691705154,10117.712691705154,10117.712691705154,10401.069326124227,10390.6682567981,10390.6682567981,10390.6682567981,10390.6682567981,10390.6682567981,10390.6682567981,10390.6682567981,10390.6682567981,10390.6682567981,10390.6682567981,10390.6682567981,10390.6682567981,10390.6682567981,10390.6682567981,10390.6682567981,10390.6682567981,10390.6682567981,10390.6682567981,10390.6682567981,10390.6682567981,10390.6682567981,10390.6682567981,10390.6682567981,10581.560626855133,10570.97906622828,10570.97906622828,10570.97906622828,10570.97906622828,10570.97906622828,10570.97906622828,10570.97906622828,10762.242918432548,10751.480675514116,10751.480675514116,10751.480675514116,10751.480675514116,10751.480675514116,10751.480675514116,10751.480675514116,10751.480675514116,10751.480675514116,10751.480675514116,10751.480675514116,10751.480675514116,10751.480675514116,10751.480675514116,10751.480675514116,10751.480675514116,10751.480675514116,10751.480675514116,10952.939988267924,10941.987048279658,10941.987048279658,10941.987048279658,10527.261290872255,10516.734029581383,10516.734029581383,10516.734029581383,10516.734029581383,10516.734029581383,10516.734029581383,10377.739001465687,10367.361262464221,10367.361262464221,10367.361262464221,10367.361262464221,10367.361262464221,10367.361262464221,10367.361262464221,10367.361262464221,10367.361262464221,10367.361262464221,10367.361262464221,10367.361262464221,10367.361262464221,10367.361262464221,10367.361262464221,10367.361262464221,10367.361262464221
SKBBL,SMFDB,6.0,-2.4272125103949795,1.670200979434867,0.2902339384320881,0.05,12418.563239151426,2.309262787089854,0.924784280635076,0.02073996857220542,4,0.75,1.441526548672567,32.57849999999999,67.79999999999995,0.8506466098683431,10000.0,10000.0,10000.0,10000.0,10000.0,10000.0,10000.0,10000.0,10000.0,10000.0,10000.0,10000.0,10000.0,10000.0,10000.0,10000.0,10000.0,10000.0,10000.0,10000.0,10000.0,10000.0,10000.0,10000.0,10000.0,10000.0,10000.0,10000.0,10000.0,10000.0,10000.0,10000.0,10402.68982921004,10569.798082538975,10559.228284456436,10559.228284456436,10559.228284456436,10559.228284456436,10559.228284456436,10559.228284456436,10658.851637829297,11044.151737921335,11033.107586183412,11549.717367169002,12681.578784589765,12668.897205805175,12668.897205805175,12668.897205805175,12668.897205805175,12668.897205805175,12668.897205805175,12668.897205805175,12668.897205805175,12668.897205805175,12668.897205805175,12668.897205805175,12668.897205805175,12668.897205805175,12668.897205805175,12668.897205805175,12668.897205805175,12430.99423338481,12418.563239151426,12418.563239151426,12418.563239151426,12418.563239151426,12418.563239151426,12418.563239151426,12418.563239151426,12418.563239151426,12418.563239151426,12418.563239151426,12418.563239151426,12418.563239151426,12418.563239151426,12418.563239151426,12418.563239151426,12418.563239151426,12418.563239151426,12418.563239151426,12418.563239151426,12418.563239151426,12418.563239151426,12418.563239151426,12418.563239151426,12418.563239151426,12418.563239151426,12418.563239151426,12418.563239151426,12418.563239151426,12418.563239151426,12418.563239151426,12418.563239151426,12418.563239151426,12418.563239151426,12418.563239151426,12418.563239151426,12418.563239151426,12418.563239151426,12418.563239151426,12418.563239151426,12418.563239151426,12418.563239151426,12418.563239151426,12418.563239151426,12418.563239151426,12418.563239151426,12418.563239151426,12418.563239151426,12418.563239151426,12418.563239151426,12418.563239151426,12418.563239151426,12418.563239151426,12418.563239151426,12418.563239151426,12418.563239151426,12418.563239151426,12418.563239151426,12418.563239151426,12418.563239151426,12418.563239151426,12418.563239151426,12418.563239151426,12418.563239151426
